PropertyID,ListingDate,Address,City,State,ZipCode,PropertyType,Bedrooms,Bathrooms,SquareFeet,LotSize,YearBuilt,Garage,Pool,Fireplace,BasementSqFt,Condition,SchoolRating,CrimeRate,WalkScore,DistanceToCity,NeighborhoodIncome,PropertyTaxRate,HOAFees,DaysOnMarket,PriceReduction,ViewCount,SavedCount,PreviousPrice,SalePrice
56,,2688 Elm Dr,Austin,Wa,27290,single family,5.0,3.5,,0.25,1979.0,No,,No,,,,21.27,1.0,17.8,94361.0,1.747,,34.0,No,889.0,,255261.0,504884.0
141,2022-11-18,2685 Oak Ave,SEATTLE,tx,27499,CONDO,2.0,2.5,1164.0,0.45,1800.0,YES,,yes,,Fair ,3.0,42.41,15.0,,66828.0,0.362,423,31.0,No,2230.0,126.0,438126.0,453859.0
176,,8258 Main Blvd, Portland,co,68495-8899,Multi-Family,2.0,1.0,2243.0,0.17,1982.0,False,No,False,,,8.0,25.97,73.0,5.8,46819.0,1.142,,98.0,,3629.0,57.0,,539674.0
57,,2440 Main St,Denver,co,37925,Townhouse,4.0,2.0,3046.0,0.15,1967.0,False,No,no,1228,excellent,1.0,0.0,66.0,17.1,,1.28,401,62.0,Yes,4915.0,,100000.0,
342,,493 Main Blvd,Portland,co,77027,Multi-Family,0.0,1.5,1931.0,0.05,1964.0,No,False,,839,Fair,,13.16,,,94534.0,,,31.0,Yes,2859.0,135.0,364806.0,492709.0
297,2023/06/01,2311 Oak St,Denver ,CO,41709,CONDO,3.0,2.5,,0.15,1986.0,,1,False,1127,Fair ,8.0,4.84,77.0,2.8,82425.0,1.26,,105.0,,348.0,153.0,415078.0,397018.0
378,10-01-2023,8810 Oak Ave,Portland,MA,14552,Multi-Family,,3.5,628.0,0.43,1997.0,,,N,1154,,8.0,21.35,34.0,7.6,132124.0,1.85,,52.0,No,4672.0,69.0,732817.0,281476.0
96,,8160 Oak Blvd,Austin,CO,,Townhouse,3.0,,,0.33,2050.0,,,Yes,,Fair,,,24.0,0.2,56255.0,1.21,,64.0,no,324.0,188.0,477648.0,2000000.0
177,12/15/2022,2002 Pine Blvd,Denver,tx,85617,single family,,4.0,2679.0,0.29,2016.0,True,no,No,,,6.0,10.5,63.0,13.3,,1.175,434,,yes,1061.0,180.0,315452.0,568975.0
328,2023-02-26,2347 Maple St, Portland,WA,74499, Condo,15.0,3.0,2997.0,0.03,1975.0,no,No,yes,643,Fair,7.0,32.5,,,77278.0,1.497,,,No,,,472337.0,1300537.0
397,,9628 Elm Ave,SEATTLE,OR,30207,Townhouse,4.0,,3210.0,0.32,2020.0,no,no,,,,1.0,12.31,28.0,25.3,,1.113,,39.0,,674.0,75.0,528897.0,918837.0
138,,8828 Pine Dr,Austin,OR,29365,single family,3.0,4.0,2115.0,0.62,1980.0,no,Yes,no,635,,7.0,,,8.6,101509.0,1.461,90,11.0,no,503.0,21.0,163541.0,785373.0
311,2022-08-12,9513 Main Ave,Seattle,TX,54742,Townhouse,4.0,4.0,2756.0,0.15,1976.0,no,False,False,,,7.0,,7.0,9.5,88643.0,1.51,104,74.0,yes,162.0,195.0,249784.0,828856.0
94,2022-06-21,2148 Oak Blvd,Seattle,OR,23501, Condo,2.0,,1701.0,0.54,1989.0,,YES,1,268,Fair,,18.73,60.0,10.1,85427.0,0.984,69,179.0,1,4670.0,163.0,283254.0,570817.0
78,2023-02-24,3309 Oak St,SEATTLE,OR,34979,Condo,2.0,4.5,3407.0,0.63,,,Yes,0,1198,,3.0,31.03,13.0,18.3,59699.0,1.092,196,156.0,,3309.0,75.0,253185.0,775506.0
387,,8496 Pine Blvd,Denver,OR,15987,Condo,2.0,3.0,2163.0,0.08,1950.0,0,1,N,,,7.0,18.64,57.0,12.0,48195.0,,197,110.0,Yes,2758.0,,318061.0,722148.0
91,12/17/2022,7907 Maple Blvd,Portland,MA,99536-4115, Condo,3.0,2.5,3127.0,,,False,1,True,,,8.0,15.14,73.0,2.5,24906.0,1.906,143,148.0,1,3968.0,8.0,213774.0,753745.0
302,2023-10-26,134 Elm Ave,Austin,CO,58072,CONDO,2.0,,500.0,0.16,1974.0,N,1,No,,excellent,9.0,31.55,,13.2,112073.0,0.772,263,156.0,yes,,170.0,,429417.0
174,2023/05/30,9391 Oak Ave,Portland,TX,35150,Townhouse ,5.0,,1370.0,,,no,1,1,206,excellent,1.0,44.7,,18.7,89240.0,1.19,492,125.0,yes,2807.0,87.0,522664.0,766716.0
146,11-05-2022,4173 Pine Dr,Boston,TX,15910,Townhouse ,3.0,1.5,2421.0,0.18,2000.0,N,,YES,,,8.0,15.24,23.0,8.5,,1.548,,173.0,1,,3.0,,752804.0
368,2022/10/11,5999 Elm Blvd,austin,WA,62044,Townhouse,2.0,3.5,2839.0,0.07,1963.0,No,No,No,1039,Good,1.0,34.44,56.0,3.6,,0.947,,7.0,1,1965.0,68.0,437974.0,791477.0
10,,9531 Oak Dr,Denver ,Wa,95990,Condo,3.0,2.5,2836.0,0.25,2021.0,,1,True,1033,,3.0,24.46,31.0,22.5,20000.0,1.529,,62.0,Yes,1970.0,81.0,413057.0,751479.0
73,2022-11-26,3222 Main St,Portland,OR,55134,Condo,4.0,3.0,2269.0,0.26,1967.0,1,Y,,,Fair ,,22.66,2.0,9.0,,0.962,19,164.0,1,4915.0,169.0,,787416.0
322,,6907 Main Ave,SEATTLE,tx,55323,Single Family,,1.5,3198.0,,1979.0,1,Y,Yes,834,Fair,10.0,37.17,35.0,0.8,99563.0,,356,76.0,1,401.0,161.0,,589896.0
74,2022/04/29,2124 Pine Blvd,Denver ,CO,99881,single family,2.0,4.0,1945.0,,1963.0,True,no,,,,6.0,20.21,,12.3,137262.0,1.548,,,Yes,4753.0,38.0,351096.0,687847.0
210,2022/04/02,1868 Maple Dr, Portland,CO,99006,CONDO,10.0,3.5,1716.0,0.09,1994.0,Yes,1,False,,Fair,5.0,36.91,36.0,,83806.0,0.657,,152.0,no,3575.0,0.0,,994714.0
226,2023-09-05,8913 Oak St,Denver ,TX,46941-7987, Condo,4.0,1.5,2308.0,0.04,1800.0,,,no,669,GOOD,9.0,,4.0,19.5,61061.0,1.28,,143.0,0,,2.0,,768863.0
83,06/10/2022,6506 Pine Blvd,Denver,MA,94926,Single Family,4.0,1.5,3075.0,0.27,2015.0,yes,no,True,397,Excellent,9.0,16.18,8.0,8.9,,0.967,182,168.0,yes,1635.0,115.0,527836.0,675591.0
154,2023/02/24,5654 Pine St,Denver ,MA,31707,single family,2.0,1.0,4062.0,0.43,,False,0,yes,563,Poor,10.0,35.88,51.0,14.8,100602.0,1.504,,47.0,,3179.0,29.0,442178.0,917636.0
219,01/01/2023,7366 Maple Blvd, Portland,MA,42008,single family,3.0,4.5,1932.0,0.06,2020.0,Y,,,,Poor,8.0,,34.0,12.4,97827.0,1.12,,72.0,no,3184.0,11.0,,546744.0
249,2022/04/25,3291 Pine Dr,Austin,MA,88820,Townhouse,3.0,2.5,3313.0,0.52,1973.0,Y,0,1,366,Fair ,2.0,21.25,68.0,4.6,,,,79.0,yes,3915.0,,575686.0,973801.0
31,,1723 Maple Ave,Denver,TX,71925,Townhouse,3.0,,1627.0,0.29,2004.0,YES,no,YES,,Poor,10.0,35.19,76.0,29.1,130302.0,1.745,149,158.0,1,751.0,92.0,,660351.0
343,09/30/2023,706 Maple Ave,SEATTLE,Wa,80274,Townhouse,5.0,3.0,,0.16,2017.0,Y,Yes,True,275,excellent,1.0,24.31,46.0,3.9,135858.0,1.583,414,,No,4710.0,32.0,235539.0,517058.0
71,,5427 Maple Blvd,Boston,OR,41496,Townhouse ,4.0,3.0,1231.0,0.23,1974.0,,no,False,974,GOOD,3.0,22.77,12.0,6.7,56940.0,1.504,467,175.0,0,,190.0,565949.0,646381.0
133,,2484 Maple Blvd,austin,CO,90341,Condo,4.0,3.0,,0.01,2014.0,1,Y,,900,Good,6.0,150.0,14.0,12.9,86797.0,1.473,253,74.0,Yes,,98.0,,353642.0
34,2023-01-15,9503 Oak Blvd,SEATTLE,tx,42717-1424,Townhouse,3.0,4.5,2956.0,0.1,1967.0,1,yes,,179,GOOD,2.0,44.0,20.0,27.0,105973.0,0.592,260,52.0,No,265.0,146.0,327364.0,894752.0
247,03/27/2023,2206 Oak Blvd,SEATTLE,MA,13670,single family,2.0,4.0,2033.0,0.1,2014.0,Y,N,1,1075,,1.0,,26.0,6.1,20000.0,1.493,332,128.0,0,4343.0,189.0,,673386.0
288,2022-04-11,5851 Elm St,SEATTLE,TX,21380,Condo,4.0,3.5,500.0,0.05,2007.0,N,No,Yes,1215,Excellent,8.0,46.19,72.0,14.0,109204.0,1.832,,150.0,1,3750.0,41.0,,393792.0
103,28-08-2022,2655 Main St,Austin,OR,29356,single family,,1.5,1178.0,0.74,2019.0,YES,0,1,289,Excellent,9.0,31.7,89.0,8.3,,1.168,,100.0,0,3000.0,4.0,,339463.0
224,2022-07-04,2832 Main Dr,Boston,co,26567,Townhouse ,,1.5,2994.0,0.06,2001.0,no,,YES,,GOOD,10.0,37.61,,14.4,67832.0,1.053,379,75.0,0,1552.0,150.0,341236.0,575307.0
363,2023-02-02,8750 Oak Dr, Portland,WA,99407, Condo,2.0,3.5,1795.0,0.34,1980.0,No,yes,N,734,,3.0,33.37,,8.7,75041.0,0.689,478,19.0,yes,2625.0,30.0,566941.0,655462.0
16,,9763 Oak Dr,Seattle,OR,44816,Condo,,3.0,1672.0,0.1,2019.0,No,True,Yes,660,Excellent,,25.06,2.0,8.5,84046.0,1.186,,45.0,0,2328.0,149.0,224698.0,542225.0
117,16-09-2022,4609 Maple St,Seattle,CO,29809,CONDO,3.0,1.0,2066.0,0.12,2013.0,N,,N,,,3.0,27.2,82.0,4.5,89848.0,,,122.0,0,4412.0,174.0,460061.0,641842.0
1,,4606 Oak Ave,Denver,WA,81482,Townhouse ,,,2597.0,0.4,2019.0,1,True,YES,13,Fair,6.0,22.93,13.0,,,1.312,413,118.0,no,,160.0,551577.0,543079.0
20,02/26/2023,2885 Oak St,SEATTLE,OR,86435, Condo,3.0,3.0,3035.0,0.24,2004.0,1,YES,no,989,Fair ,10.0,32.9,,2.9,80539.0,,398,13.0,0,2394.0,58.0,517273.0,706293.0
266,2022/07/13,3078 Pine Ave,austin,WA,30273,Townhouse,4.0,4.5,2369.0,0.2,1989.0,No,Y,False,,,2.0,22.55,43.0,4.0,54744.0,1.142,,115.0,0,2821.0,36.0,,691956.0
366,2023-03-14,6042 Oak Dr,Austin,CO,14302,Townhouse ,4.0,1.5,4649.0,0.15,1979.0,yes,,True,846,Poor,7.0,28.62,60.0,0.8,86589.0,1.118,406,37.0,No,4460.0,,663321.0,1223191.0
127,20-03-2022,1935 Oak Dr,Denver,OR,92218,Townhouse ,3.0,1.0,2357.0,0.48,1992.0,Y,False,False,995,,8.0,35.64,39.0,1.8,73507.0,1.35,394,38.0,no,1367.0,73.0,,642958.0
273,2022-11-20,8793 Main St,Seattle,WA,,Single Family,2.0,2.5,1542.0,0.0,2007.0,,yes,YES,,,3.0,41.82,52.0,5.0,75461.0,1.582,353,64.0,0,3694.0,,,448670.0
375,12/14/2023,2239 Elm Dr,austin,CO,23531,Multi-Family,,2.0,2932.0,0.02,1950.0,Yes,Y,,472,,6.0,16.76,28.0,0.5,,,,154.0,0,656.0,96.0,646173.0,730157.0
77,2023-04-16,7441 Main Dr,Denver ,tx,75191,Single Family,3.0,,1867.0,0.29,1976.0,1,Y,Y,456,GOOD,10.0,39.49,57.0,,60378.0,1.362,,163.0,yes,3112.0,11.0,236291.0,564689.0
352,23-03-2023,6574 Elm Ave, Portland,co,18932,Condo,0.0,2.5,1226.0,0.38,1976.0,No,no,no,834,GOOD,4.0,12.29,12.0,4.8,42311.0,0.886,184,72.0,no,1070.0,109.0,344423.0,271454.0
95,2023-07-07,7339 Maple Blvd,SEATTLE,MA,11383,Townhouse,3.0,4.5,1417.0,0.1,2020.0,N,0,N,,Fair,7.0,55.08,,15.7,60925.0,1.411,355,73.0,1,3432.0,17.0,,692192.0
26,2022-02-23,915 Main Blvd,Denver ,Wa,67939,Multi-Family,2.0,4.5,1926.0,0.11,,no,YES,no,523,Good,,28.21,90.0,0.0,80195.0,1.354,,102.0,Yes,3816.0,80.0,267421.0,601198.0
375,12/14/2023,2239 Elm Dr,austin,CO,23531,Multi-Family,,2.0,2932.0,0.02,1950.0,Yes,Y,,472,,6.0,16.76,28.0,0.5,,,,154.0,0,656.0,96.0,646173.0,730157.0
290,14-07-2023,7929 Main Ave,SEATTLE,WA,40441,single family,4.0,1.5,1328.0,0.95,1990.0,1,,no,,,4.0,22.66,69.0,2.9,,2.009,74,18.0,Yes,2073.0,105.0,401019.0,583996.0
275,15-04-2023,9132 Main Ave,Austin,TX,36167-7226,Townhouse ,,4.0,2354.0,0.17,1993.0,Y,,YES,1001,Good,2.0,21.61,14.0,,,1.993,,46.0,No,1991.0,19.0,,
204,,1152 Elm Ave,Austin,MA,48466,CONDO,2.0,2.5,3158.0,0.27,1990.0,,Y,no,658,,,0.0,71.0,6.1,41411.0,1.256,38,166.0,,2672.0,12.0,134734.0,2000000.0
115,10/16/2022,7173 Pine Dr,austin,Wa,67041,Townhouse,2.0,2.0,3035.0,,1968.0,1,False,N,278,Fair ,10.0,0.41,54.0,13.7,82200.0,1.322,,,no,1989.0,68.0,539949.0,788984.0
51,2023-03-10,7457 Pine Dr,SEATTLE,Wa,57124,Condo,3.0,4.0,1592.0,,1978.0,0,0,True,452,Fair ,10.0,27.26,61.0,,85874.0,1.429,,37.0,yes,1744.0,89.0,545578.0,648157.0
43,2022/11/12,4269 Main Ave,Seattle,TX,18357,Single Family,2.0,2.0,400.0,0.3,1998.0,False,False,0,,GOOD,,150.0,28.0,4.3,61596.0,1.682,,140.0,no,2077.0,39.0,,264267.0
393,03/22/2022,3881 Pine Blvd,Denver ,CO,38414,Townhouse,,4.5,500.0,0.08,1966.0,Y,Yes,1,1479,excellent,9.0,0.0,,26.6,63831.0,1.53,,67.0,1,4971.0,46.0,522401.0,344215.0
80,2022-08-18,6471 Oak Blvd,Austin,Wa,99803,Single Family,,4.5,1353.0,0.72,2019.0,no,,,602,Good,3.0,17.31,,4.2,119881.0,1.462,2,,yes,2517.0,146.0,391662.0,425347.0
40,07/30/2023,1889 Pine Ave,Portland,TX,79604,Multi-Family,,4.5,,0.63,2002.0,1,1,False,,excellent,1.0,,68.0,15.0,50130.0,,213,46.0,Yes,3302.0,47.0,512094.0,248829.0
357,,7063 Main Ave,Seattle,CO,,Multi-Family,5.0,4.0,2276.0,0.12,1971.0,YES,0,yes,,Good,4.0,21.05,96.0,15.4,66232.0,,130,95.0,no,1243.0,19.0,,842970.0
325,2023-08-17,4166 Oak Blvd,Seattle,MA,,single family,4.0,1.5,1384.0,1.13,2005.0,0,Yes,N,47,,2.0,12.03,82.0,8.9,84496.0,1.276,370,156.0,0,3013.0,133.0,,479162.0
262,09/24/2023,5286 Maple St,Seattle,Wa,75168,Townhouse ,5.0,3.5,3393.0,,2014.0,0,YES,,364,Good,2.0,22.04,33.0,8.8,69152.0,1.654,,99.0,0,2457.0,21.0,489033.0,723718.0
371,2022-09-05,4475 Oak Ave,Portland,MA,59147,Single Family,,4.0,2150.0,,1994.0,No,1,no,641,Fair ,2.0,32.19,80.0,5.1,106556.0,0.794,,57.0,,,,285822.0,491978.0
23,12/08/2022,9350 Oak St, Portland,OR,40539,Townhouse,4.0,3.0,2970.0,0.32,1980.0,Yes,yes,YES,,Fair ,2.0,31.19,13.0,3.1,79375.0,0.652,465,134.0,0,548.0,102.0,284232.0,915793.0
47,,8016 Elm St,Austin,Wa,,single family,3.0,2.0,3380.0,0.17,1995.0,N,No,Y,940,Poor,2.0,20.47,11.0,10.0,54529.0,1.181,359,128.0,0,4685.0,24.0,590670.0,918669.0
230,2022/04/08,3283 Pine Blvd,austin,Wa,13071, Condo,3.0,1.5,3080.0,0.14,2014.0,Yes,1,,,GOOD,2.0,16.97,,9.3,84959.0,1.276,,80.0,,735.0,,,868756.0
119,,2065 Main Ave,SEATTLE,CO,34151, Condo,2.0,3.5,1953.0,,1957.0,YES,yes,1,,Poor,3.0,28.29,55.0,14.3,76438.0,1.684,52,19.0,yes,203.0,38.0,183775.0,
85,2023/05/29,6061 Pine St,Portland,CO,28398,Townhouse,4.0,3.5,1981.0,0.21,1976.0,,Y,N,931,Excellent,6.0,37.07,35.0,8.7,107413.0,0.462,,168.0,1,687.0,96.0,247421.0,738483.0
79,2023-12-18,4997 Pine Blvd, Portland,OR,91810,CONDO,2.0,3.5,2501.0,0.08,2003.0,0,YES,N,1070,Fair ,,39.46,20.0,17.8,116577.0,,,76.0,1,,26.0,155167.0,697627.0
58,01/05/2023,6437 Pine Dr,austin,CO,19567,Condo,,1.0,1810.0,0.29,2004.0,No,False,0,312,excellent,,45.02,,3.6,73333.0,1.354,329,179.0,,2052.0,,395095.0,306104.0
111,19-11-2022,6880 Main Dr,Portland,tx,49666,single family,3.0,,1743.0,0.36,1993.0,,0,YES,293,Good,9.0,30.15,58.0,7.0,53843.0,,,12.0,1,2780.0,11.0,,800040.0
25,,7029 Main Blvd,Boston,tx,76507, Condo,2.0,2.5,1343.0,0.85,2021.0,False,,YES,,excellent,5.0,32.24,18.0,9.0,97210.0,,15,136.0,no,1339.0,184.0,516557.0,585095.0
18,26-10-2022,6907 Elm Dr,Portland,co,60277,Townhouse,3.0,3.0,1805.0,0.06,2012.0,1,0,1,,,7.0,38.85,89.0,10.8,59895.0,0.58,,82.0,0,3173.0,169.0,410284.0,535765.0
235,2023/04/11,9038 Main St,austin,TX,30079,Townhouse,2.0,,2980.0,,1974.0,,Yes,Y,648,Fair,10.0,32.52,,15.2,155626.0,0.476,,50.0,1,2234.0,,296809.0,864924.0
338,22-12-2023,4817 Oak St, Portland,OR,32658,Condo,2.0,1.0,,0.05,2016.0,YES,1,yes,,,1.0,14.36,90.0,,68489.0,1.077,245,67.0,yes,2226.0,97.0,,494137.0
32,2023/06/04,7802 Main Dr,austin,MA,56805,CONDO,4.0,2.0,2212.0,0.12,2050.0,False,yes,,,,,31.63,40.0,4.7,100573.0,0.883,129,166.0,yes,441.0,84.0,,722621.0
285,,8249 Elm Dr,SEATTLE,CO,85597,Condo,5.0,3.0,1208.0,0.0,1800.0,True,N,0,1000,Excellent,2.0,2.99,20.0,17.9,34456.0,1.468,164,89.0,1,3879.0,196.0,,685357.0
166,2023-12-07,3158 Oak St,SEATTLE,MA,48155,Condo,3.0,4.0,3024.0,0.32,,no,yes,no,,,10.0,26.63,87.0,5.9,86221.0,1.691,,103.0,No,4713.0,117.0,218553.0,937405.0
250,06/08/2022,6591 Oak Ave,Denver,tx,72098,Townhouse ,3.0,3.0,2823.0,0.35,1989.0,N,,N,,Fair ,,8.64,,6.7,41828.0,1.114,,170.0,yes,243.0,97.0,353794.0,835822.0
365,2022-12-17,7626 Oak Ave,Denver,MA,71604-9242,Townhouse,4.0,1.0,3789.0,0.54,1983.0,no,No,yes,148,,6.0,,71.0,14.2,114926.0,,,96.0,1,3849.0,27.0,474964.0,889929.0
194,,316 Maple St,Denver,TX,14209,Townhouse,2.0,3.0,3060.0,0.21,1961.0,yes,,no,114,Fair,9.0,,61.0,4.1,97600.0,1.352,,96.0,No,905.0,,593462.0,812854.0
153,,2669 Pine Blvd,Seattle,Wa,58442,Single Family,2.0,1.0,1940.0,,1986.0,,1,Yes,,GOOD,,18.19,57.0,9.8,40297.0,0.587,310,36.0,no,3728.0,186.0,616807.0,445074.0
6,2022-06-11,1412 Oak St,Seattle,OR,84668,Single Family,3.0,2.5,933.0,0.09,2008.0,,No,Yes,1153,Good,9.0,18.09,31.0,18.5,,0.495,313,168.0,0,2502.0,26.0,448612.0,459143.0
46,2022-11-12,8247 Elm St,Denver ,tx,58589,Single Family,3.0,4.0,2898.0,0.03,2020.0,False,Y,YES,1000,,6.0,3.28,69.0,1.3,53446.0,1.115,38,,Yes,1945.0,,,809572.0
105,27-07-2022,8682 Oak Dr,Denver,CO,83051,Condo,4.0,4.0,1817.0,0.12,1985.0,no,No,yes,,excellent,10.0,21.08,45.0,,87377.0,,240,96.0,no,1176.0,57.0,,620503.0
313,2022/11/10,4215 Maple Ave,SEATTLE,tx,,Multi-Family,3.0,3.5,1779.0,0.24,1967.0,Yes,no,1,148,,3.0,10.05,4.0,7.8,41485.0,0.795,329,116.0,Yes,1989.0,23.0,456486.0,681638.0
125,2023/08/11,824 Main Dr, Portland,TX,61684,Condo,3.0,2.5,2481.0,,1989.0,1,True,,931,Fair,7.0,26.11,90.0,8.2,103515.0,,170,76.0,yes,4493.0,53.0,475825.0,719836.0
384,17-09-2022,9278 Pine Ave,Denver,CO,56365,Townhouse ,10.0,4.0,2144.0,0.19,1958.0,No,0,Yes,,,4.0,38.35,71.0,5.1,88730.0,0.3,,4.0,Yes,3206.0,169.0,,981621.0
114,12/17/2022,2935 Main Dr,Seattle,co,22799,Townhouse,3.0,4.0,1351.0,0.02,1950.0,False,yes,1,798,,6.0,24.75,55.0,19.5,150807.0,0.988,313,104.0,,3074.0,13.0,,50000.0
298,27-02-2023,6221 Main Blvd,Denver ,OR,38255,Townhouse,4.0,4.0,3153.0,0.09,2009.0,Y,no,1,,Excellent,3.0,16.12,6.0,5.8,101777.0,0.716,39,91.0,1,3977.0,,509614.0,874091.0
4,2023-05-13,2160 Oak Dr, Portland,CO,89507,Multi-Family,4.0,3.5,1787.0,0.06,2020.0,no,Yes,No,120,Excellent,2.0,15.99,69.0,7.7,56948.0,1.941,,122.0,No,,90.0,397975.0,583433.0
19,2022-02-07,5539 Main Dr,Seattle,co,,Townhouse,,3.0,2578.0,0.35,2018.0,Y,False,,999,Excellent,4.0,34.31,95.0,,63352.0,0.846,51,178.0,Yes,,75.0,346488.0,631189.0
197,28-11-2023,8496 Pine Blvd,austin,WA,76314,Single Family,4.0,1.0,1572.0,0.95,1978.0,1,False,No,,,8.0,34.72,,1.6,41810.0,1.018,,17.0,1,3951.0,,276948.0,570425.0
61,03/03/2022,4684 Main St,Portland,Wa,58823,Condo,3.0,1.0,1241.0,0.21,2000.0,,Y,Y,478,Poor,,23.47,,10.3,90437.0,,,54.0,no,1032.0,,527703.0,486520.0
193,21-12-2023,146 Oak St,austin,co,24438,CONDO,4.0,4.0,,0.51,1968.0,Yes,,N,,Good,2.0,15.23,,10.2,,1.398,,107.0,No,1197.0,178.0,508542.0,584032.0
142,09-08-2022,3202 Elm Ave,SEATTLE,CO,,Multi-Family,5.0,1.0,3186.0,0.09,1999.0,,True,YES,,,,47.51,77.0,16.8,64540.0,1.06,23,130.0,yes,3088.0,143.0,,902169.0
64,2022-06-27,5310 Maple St,austin,CO,34672, Condo,2.0,1.0,3419.0,0.08,1972.0,Y,Yes,Yes,,Fair,9.0,0.0,84.0,3.9,,0.941,,41.0,no,4041.0,44.0,237767.0,947821.0
263,,4585 Main Dr,Portland,OR,39600,Multi-Family,15.0,2.5,2724.0,0.01,1999.0,,,Y,539,GOOD,4.0,27.92,17.0,25.7,67757.0,1.581,296,130.0,1,4998.0,89.0,565173.0,1325803.0
327,2023/06/11,6478 Main St,Seattle,Wa,19837,Multi-Family,0.0,,2435.0,0.4,1959.0,Y,Yes,1,362,,10.0,21.48,6.0,4.4,48884.0,1.882,,127.0,1,1379.0,,354879.0,694448.0
196,2022-06-14,8559 Pine Blvd,Denver ,CO,57227,Townhouse ,,4.0,500.0,0.4,1962.0,yes,,YES,178,,5.0,7.06,11.0,,110898.0,0.956,500,114.0,No,4709.0,93.0,379897.0,276175.0
178,2022/10/26,1063 Maple Ave,Portland,OR,16889-3933, Condo,3.0,1.0,1906.0,0.03,2000.0,,YES,YES,399,,3.0,14.4,6.0,6.9,80112.0,1.264,,36.0,no,1236.0,191.0,,636143.0
81,06/23/2023,8629 Main Ave,SEATTLE,Wa,,Multi-Family,3.0,4.5,1299.0,,2007.0,False,True,True,,Excellent,6.0,21.96,,10.4,128464.0,,394,131.0,Yes,1627.0,21.0,432529.0,580219.0
391,2023-07-10,3453 Maple Ave,Portland,Wa,97916,Single Family,2.0,1.5,2900.0,1.38,2000.0,0,Yes,Yes,1333,Fair,5.0,47.09,,1.3,36618.0,1.157,224,17.0,No,2524.0,81.0,,671052.0
254,2022/01/28,2117 Elm St,Denver ,OR,68564,Multi-Family,3.0,1.5,2125.0,0.66,1990.0,no,No,,978,Good,1.0,28.43,12.0,19.4,86089.0,1.157,,167.0,0,,99.0,467157.0,
156,07/08/2023,8906 Elm Dr,Austin,TX,91360,Townhouse,,4.5,2976.0,0.23,1977.0,0,YES,Yes,,,5.0,15.74,92.0,17.3,27884.0,0.804,490,175.0,0,3758.0,169.0,541115.0,567801.0
356,02-05-2022,3066 Elm Dr,Denver ,co,27607,Condo,2.0,,2807.0,0.06,2018.0,False,N,Yes,,,,28.91,91.0,5.7,44743.0,0.415,,148.0,yes,161.0,69.0,452447.0,595865.0
239,2022-09-08,6231 Main Dr,Denver,tx,,Townhouse ,5.0,1.5,2170.0,0.05,1986.0,,N,True,,Good,10.0,21.7,,6.5,88561.0,0.704,,154.0,Yes,1181.0,11.0,,703953.0
109,18-05-2022,5493 Pine Dr, Portland,OR,90223,Condo,4.0,3.5,2987.0,0.87,2013.0,False,1,1,1248,excellent,1.0,21.79,94.0,28.5,55083.0,1.667,,86.0,,142.0,176.0,,977738.0
102,12/01/2022,2609 Main Dr,Denver ,WA,47982,Townhouse,2.0,1.5,3229.0,0.57,1975.0,False,True,no,1073,Good,7.0,40.93,,9.4,25171.0,1.372,,153.0,,2914.0,113.0,431153.0,806076.0
195,2022-10-16,1170 Oak St,Boston,OR,93674-4937,single family,4.0,1.0,,0.0,2000.0,Y,,N,265,Good,9.0,6.64,,16.6,47198.0,1.715,148,175.0,0,,55.0,336578.0,420853.0
30,2022-06-19,6831 Maple Ave,Denver ,MA,68841,Multi-Family,4.0,4.5,1772.0,0.23,1975.0,yes,YES,Yes,760,Good,9.0,35.29,34.0,2.9,60842.0,1.636,,57.0,yes,3448.0,,409642.0,2000000.0
319,,4337 Oak Dr,Denver ,OR,59556,Multi-Family,2.0,,2226.0,0.06,2023.0,False,,YES,324,Fair ,3.0,13.62,27.0,,56599.0,0.943,,11.0,yes,3243.0,192.0,655228.0,545239.0
388,2023-04-27,6426 Maple Dr,Denver,co,24406,CONDO,4.0,4.5,1810.0,0.15,2002.0,N,YES,no,643,,9.0,16.97,44.0,12.9,53071.0,1.503,,85.0,,2443.0,78.0,502826.0,819388.0
269,2022/07/14,4252 Pine St,SEATTLE,TX,68868,Multi-Family,,2.0,1988.0,0.08,1900.0,,N,YES,583,excellent,,0.0,11.0,10.6,75694.0,,240,29.0,,734.0,17.0,,594449.0
115,10/16/2022,7173 Pine Dr,austin,Wa,67041,Townhouse,2.0,2.0,3035.0,,1968.0,1,False,N,278,Fair ,10.0,0.41,54.0,13.7,82200.0,1.322,,,no,1989.0,68.0,539949.0,788984.0
238,2023-09-24,7226 Elm Dr,Portland,MA,88766,Townhouse ,6.0,1.5,2688.0,0.21,,0,yes,YES,1428,Poor,10.0,15.66,6.0,11.6,52725.0,0.672,234,,No,1459.0,20.0,,854258.0
76,,2240 Elm Dr,Seattle,Wa,18301,CONDO,,2.5,2008.0,0.24,1962.0,,no,1,,Fair ,,37.35,1.0,11.9,,0.609,445,126.0,yes,462.0,140.0,571563.0,528279.0
354,2022-04-03,4379 Maple St,Seattle,WA,88526,Single Family,1.0,1.0,2677.0,0.1,,True,0,,808,GOOD,3.0,8.62,76.0,,80155.0,,333,35.0,1,434.0,96.0,223660.0,579944.0
132,,1967 Elm Dr,Seattle,WA,12277,single family,2.0,3.5,1614.0,,1968.0,YES,yes,no,,Good,2.0,51.97,5.0,15.1,,1.429,240,,yes,840.0,154.0,,654048.0
17,27-04-2023,5360 Main Ave,austin,Wa,47777,Townhouse ,4.0,4.0,,0.08,1956.0,Y,True,,905,Poor,3.0,12.97,15.0,,117156.0,1.757,159,142.0,No,979.0,30.0,267903.0,406151.0
67,16-05-2023,1593 Pine Dr,Denver,tx,58418,Single Family,3.0,,1679.0,,2019.0,,True,no,792,Fair ,8.0,17.69,50.0,3.4,58644.0,0.3,409,159.0,,1419.0,49.0,,2000000.0
315,2022/11/03,2621 Main Ave,Denver ,Wa,,Townhouse,5.0,2.0,779.0,0.11,2021.0,0,True,True,927,,4.0,31.13,56.0,20.0,29547.0,1.687,395,51.0,no,3858.0,148.0,,497374.0
8,,5542 Elm Ave,Boston,CO,24168,Single Family,3.0,2.5,1701.0,0.04,,,YES,Y,818,,1.0,29.97,,17.8,60624.0,,,81.0,1,4773.0,11.0,234049.0,
341,,989 Pine Ave,Denver,TX,44774, Condo,5.0,4.5,400.0,0.61,2015.0,no,False,0,,Excellent,1.0,25.05,49.0,14.4,141576.0,1.301,56,89.0,No,4723.0,23.0,,436649.0
149,05/21/2023,9223 Main St,austin,MA,30788,Single Family,3.0,4.5,2148.0,,1984.0,,0,True,1446,,2.0,29.93,13.0,12.7,,,445,93.0,yes,4194.0,25.0,,700644.0
369,,2315 Oak Dr,austin,tx,17801,Townhouse ,4.0,2.0,2173.0,0.56,2006.0,True,Y,Yes,89,,,31.82,,8.5,,1.337,345,8.0,0,588.0,,446267.0,672647.0
306,2023-11-09,3947 Elm Blvd,Denver,OR,,CONDO,5.0,3.0,823.0,0.32,1970.0,,YES,YES,1416,Good,,26.28,30.0,,50086.0,1.409,,46.0,no,4149.0,199.0,462759.0,685577.0
245,02-12-2023,472 Pine Dr, Portland,OR,31152,Multi-Family,5.0,1.0,2020.0,0.85,1900.0,False,No,,678,Fair,2.0,,66.0,19.8,109712.0,,,67.0,1,4425.0,112.0,139902.0,769537.0
398,2023/01/17,9003 Elm Dr,SEATTLE,MA,23629,Condo,3.0,2.0,,0.03,2014.0,1,1,False,500,,7.0,8.05,95.0,29.3,120491.0,1.441,111,47.0,No,3622.0,45.0,,355762.0
276,2022-12-16,1253 Oak Dr,austin,WA,17361,Multi-Family,5.0,,3455.0,0.37,1999.0,0,no,1,1450,Fair,10.0,,0.0,,112083.0,1.235,294,180.0,,,82.0,429597.0,918837.0
110,2023-06-03,1965 Maple Blvd,SEATTLE,TX,35430,CONDO,3.0,2.0,944.0,0.06,2002.0,Yes,0,YES,1388,,,26.11,45.0,,,0.945,,97.0,,3241.0,29.0,578352.0,605240.0
173,,2514 Maple Ave,Denver,TX,22098,Townhouse ,4.0,4.0,2413.0,0.47,1998.0,,N,,1490,Good,6.0,29.83,95.0,5.9,67909.0,0.725,0,179.0,no,3580.0,95.0,,733708.0
185,2023/11/04,6577 Maple Blvd,austin,Wa,80310,Condo,4.0,1.0,3241.0,0.02,,N,N,,,Excellent,4.0,48.42,15.0,0.5,76880.0,1.235,166,103.0,0,3235.0,27.0,658319.0,867831.0
367,09/22/2022,5863 Pine Dr,Portland,CO,,Multi-Family,4.0,2.5,1827.0,,2019.0,,N,1,,,5.0,22.74,70.0,3.5,,1.573,,162.0,yes,1179.0,84.0,439190.0,700605.0
308,2022-11-19,2296 Main St,Denver,co,82299,CONDO,4.0,4.0,,0.81,1967.0,N,yes,YES,,Fair ,9.0,33.02,52.0,,65379.0,1.918,445,135.0,,978.0,,,418405.0
84,06-06-2022,5282 Elm Ave,Austin,tx,39035,Townhouse ,3.0,4.5,2016.0,0.13,1985.0,yes,0,no,,Good,1.0,34.42,74.0,7.3,125070.0,1.096,278,139.0,,3265.0,197.0,174528.0,632740.0
267,,1060 Elm St, Portland,WA,52015-9715,Townhouse ,4.0,3.0,1953.0,,,No,Y,0,796,excellent,1.0,,39.0,14.9,61101.0,1.112,,81.0,1,,98.0,,809351.0
158,09/13/2023,6589 Main Blvd, Portland,co,35397,Townhouse,,1.5,1450.0,0.09,1985.0,False,Yes,,1258,,1.0,24.71,6.0,14.4,81717.0,1.746,,32.0,no,4287.0,184.0,,427517.0
75,,3887 Elm Blvd,Boston,co,,Single Family,3.0,1.0,1873.0,0.17,1984.0,No,Y,Y,,Fair ,8.0,14.85,53.0,7.8,106547.0,,30,41.0,1,4710.0,46.0,162962.0,632234.0
392,01/11/2023,2753 Pine Blvd,SEATTLE,Wa,68779,Townhouse,15.0,,1543.0,0.54,1976.0,no,Yes,no,,Fair ,2.0,6.23,100.0,15.1,69284.0,,72,157.0,,2090.0,14.0,,1089634.0
120,08-02-2022,2583 Maple Dr,Austin,co,62941,Condo,12.0,3.5,,0.02,1996.0,Y,No,1,593,Fair,7.0,31.13,13.0,18.6,44204.0,,376,10.0,0,2003.0,16.0,294981.0,895603.0
211,2023-05-30,2640 Main Blvd,Denver,OR,20579,Single Family,3.0,1.5,2171.0,0.28,1991.0,yes,False,,,Fair,4.0,,80.0,7.5,,0.983,49,114.0,1,2979.0,109.0,494944.0,639683.0
221,11/25/2022,7371 Elm St,Denver ,TX,57018,Multi-Family,4.0,1.5,2542.0,0.64,1979.0,yes,True,False,,Good,3.0,7.16,5.0,8.0,75981.0,1.093,499,174.0,,416.0,89.0,,924733.0
374,2022/08/10,2632 Pine Dr,Denver,MA,50762,Condo,2.0,,1267.0,0.29,1979.0,yes,Yes,YES,,excellent,5.0,25.27,67.0,9.2,,1.168,295,51.0,0,156.0,162.0,,423405.0
286,2023/05/22,6003 Elm St,Boston,CO,57011, Condo,5.0,2.0,400.0,0.11,1800.0,,N,No,229,,,,85.0,9.2,25704.0,1.13,250,96.0,no,3267.0,89.0,649220.0,50000.0
182,16-07-2023,1557 Maple Blvd,Boston,CO,39591,Condo,6.0,2.0,2175.0,0.24,1994.0,YES,0,YES,98,Fair ,9.0,42.95,75.0,8.7,,0.827,,33.0,1,483.0,163.0,333507.0,755465.0
321,,9928 Elm Dr,Seattle,TX,36033,Condo,2.0,2.5,,,2014.0,Y,N,No,1025,,9.0,,3.0,9.3,,,57,153.0,Yes,3140.0,163.0,278090.0,419886.0
37,2023/05/26,479 Main Dr, Portland,co,38199,Single Family,,4.5,3130.0,0.32,1996.0,Y,Yes,N,,,9.0,25.15,70.0,8.4,76826.0,1.459,,25.0,,4619.0,193.0,,679587.0
140,,6045 Main Ave,Denver ,Wa,,single family,5.0,2.0,2074.0,0.22,1954.0,No,,1,845,GOOD,2.0,40.94,45.0,19.2,22808.0,1.055,,,Yes,1555.0,164.0,,671526.0
305,,745 Elm Blvd, Portland,co,,Townhouse ,6.0,4.5,1657.0,0.12,2007.0,False,Yes,no,1186,excellent,,37.95,30.0,14.6,61192.0,0.746,140,140.0,Yes,2558.0,169.0,,865328.0
169,2022/07/24,557 Main Blvd,Portland,WA,22661,Townhouse,2.0,2.5,1946.0,1.47,1963.0,yes,Yes,N,24,,5.0,26.09,,16.2,77255.0,1.691,52,146.0,Yes,3233.0,197.0,287623.0,609927.0
334,10-08-2023,6733 Oak Blvd,Seattle,tx,54287, Condo,5.0,2.5,1393.0,0.09,1978.0,0,No,0,756,,7.0,8.24,,33.6,112340.0,0.66,114,79.0,Yes,4246.0,19.0,201631.0,697499.0
299,01/12/2022,9301 Maple St,Austin,OR,58662,Townhouse ,4.0,1.5,1436.0,0.07,2020.0,True,0,No,314,Fair ,8.0,28.21,,8.5,,1.993,,,yes,,107.0,482384.0,826137.0
60,03/06/2023,6919 Maple Blvd,Seattle,tx,98254-3938,Multi-Family,0.0,3.0,,0.06,1988.0,no,1,Y,1010,Poor,9.0,20.21,,5.8,51213.0,1.157,449,,0,2569.0,,244713.0,155708.0
112,24-01-2022,3538 Maple Ave,Portland,MA,51831,Condo,2.0,1.5,2950.0,0.26,1986.0,yes,No,YES,693,Excellent,,15.81,,,83575.0,1.334,303,177.0,1,2772.0,182.0,498781.0,903316.0
229,2023-07-21,8597 Oak Blvd, Portland,OR,80215,Multi-Family,2.0,2.5,,0.33,2000.0,Yes,yes,YES,,Poor,4.0,21.38,48.0,2.3,,0.518,,,1,3452.0,,100000.0,311266.0
261,2022-04-11,4009 Maple Dr,SEATTLE,TX,67703,Single Family,4.0,1.0,1723.0,0.21,2002.0,,1,YES,,GOOD,4.0,45.62,89.0,31.7,66908.0,1.678,,141.0,0,2905.0,44.0,349465.0,691625.0
7,04/20/2022,4562 Maple Ave,austin,OR,44600,single family,4.0,1.0,1658.0,0.0,2004.0,No,No,,1117,GOOD,3.0,,5.0,14.7,101632.0,1.558,,144.0,no,1316.0,60.0,513249.0,632126.0
323,,859 Pine St,Seattle,CO,12355-4161,Single Family,3.0,,,0.27,1991.0,no,No,yes,520,GOOD,,21.78,13.0,12.2,124929.0,1.49,462,54.0,,380.0,,270315.0,485631.0
287,10/18/2023,3185 Main St,Denver ,CO,50180,Townhouse ,3.0,1.0,2384.0,0.99,,YES,1,No,732,Excellent,5.0,21.91,79.0,4.8,55136.0,0.961,,126.0,no,304.0,121.0,450822.0,628065.0
159,2023/04/05,3288 Maple St,Austin,OR,65550-5095,Multi-Family,3.0,1.0,1856.0,0.91,1800.0,Y,0,,,Good,10.0,,15.0,,,,,,No,,14.0,474945.0,524689.0
151,08-11-2022,5738 Main Blvd, Portland,CO,68482, Condo,5.0,3.0,2300.0,0.24,2050.0,no,No,0,1067,Fair,,5.83,99.0,3.1,48445.0,1.821,430,161.0,Yes,,31.0,167090.0,770717.0
11,,3605 Main Dr,SEATTLE,tx,64496,Townhouse ,4.0,4.0,2273.0,0.71,2003.0,,0,,451,excellent,1.0,0.0,92.0,5.7,30148.0,,13,152.0,Yes,,118.0,,800446.0
209,09/28/2022,259 Pine Blvd,Denver ,TX,42441,Single Family,1.0,2.0,400.0,0.13,2050.0,False,1,YES,,Excellent,5.0,38.26,76.0,12.0,77619.0,1.481,75,57.0,No,303.0,189.0,414512.0,301236.0
104,,1731 Maple Dr, Portland,WA,75621-1352,Single Family,3.0,3.5,2909.0,0.53,1985.0,False,YES,N,60,excellent,6.0,26.44,,6.3,61965.0,1.076,116,147.0,yes,2747.0,33.0,,804120.0
82,,1172 Oak Ave,SEATTLE,WA,67047,Condo,2.0,,2400.0,0.28,1979.0,N,N,1,886,Fair ,9.0,7.9,,22.7,,0.804,,129.0,,758.0,112.0,381131.0,664457.0
223,2023-06-25,7838 Pine Dr,austin,MA,85398,Multi-Family,1.0,1.5,1394.0,0.19,,0,0,No,1338,Poor,7.0,42.1,68.0,8.7,114179.0,1.164,310,74.0,Yes,,37.0,100000.0,419231.0
348,2023-09-18,9760 Maple Dr,SEATTLE,co,94938, Condo,4.0,3.0,1973.0,0.32,1956.0,True,YES,no,,Fair,7.0,34.77,85.0,0.9,68955.0,1.197,,157.0,Yes,,67.0,,5000000.0
168,04/28/2022,5459 Elm Dr,Denver ,WA,, Condo,4.0,,2265.0,0.18,1959.0,Yes,False,YES,,GOOD,1.0,13.97,6.0,19.9,107739.0,1.444,459,177.0,Yes,448.0,196.0,,652364.0
390,04/29/2023,2158 Main Ave,Austin,TX,84276,single family,2.0,,2356.0,0.09,1964.0,1,Y,N,1082,Fair ,10.0,48.67,0.0,17.9,101074.0,1.018,312,18.0,yes,1599.0,83.0,266613.0,729824.0
240,11/01/2023,4768 Maple Dr,Denver ,TX,65277,Townhouse ,4.0,1.5,1664.0,0.22,2014.0,1,Yes,1,1372,Excellent,5.0,20.36,57.0,4.0,84575.0,1.736,497,46.0,1,705.0,86.0,118724.0,658802.0
259,,9831 Main St,SEATTLE,CO,31004,Multi-Family,2.0,3.5,2574.0,0.23,1969.0,yes,False,YES,22,,2.0,19.57,56.0,12.2,,1.549,,19.0,,2846.0,10.0,381307.0,592292.0
199,,5285 Main Ave,Denver ,CO,51472,Townhouse ,1.0,1.5,3210.0,0.47,1998.0,no,no,False,29,GOOD,,27.72,89.0,3.3,141427.0,1.082,,139.0,,1490.0,95.0,,741615.0
181,2023-05-18,5869 Pine Ave,Seattle,TX,34651,Multi-Family,4.0,4.0,400.0,0.01,1960.0,False,N,,,Poor,,37.95,24.0,3.6,78265.0,0.753,83,40.0,,262.0,63.0,,380471.0
90,2022-03-12,4761 Pine Blvd,austin,MA,35496,Townhouse ,3.0,,1357.0,0.08,2018.0,True,YES,,772,Poor,8.0,21.4,61.0,,,1.378,346,81.0,yes,129.0,67.0,,524672.0
333,2022-02-09,5314 Pine St,SEATTLE,CO,41127,single family,4.0,3.5,,0.02,2019.0,,Y,Y,,Fair,7.0,33.14,,1.7,79071.0,1.266,,35.0,0,2255.0,56.0,295846.0,426398.0
164,2022-03-26,8501 Pine St,Boston,OR,,Single Family,3.0,3.0,669.0,0.38,2019.0,Yes,,YES,,GOOD,7.0,33.53,1.0,23.0,63626.0,1.119,,102.0,0,3936.0,150.0,312747.0,369169.0
148,,6648 Elm Dr,Portland,TX,65312,Condo,4.0,3.5,2559.0,0.34,2006.0,no,True,False,,,,34.58,86.0,0.9,124002.0,0.741,82,73.0,Yes,1107.0,40.0,445395.0,723507.0
248,2022-04-12,1200 Maple St,Austin,co,42502,Townhouse,4.0,1.0,3229.0,0.56,1958.0,yes,0,YES,,Poor,10.0,,6.0,24.2,39190.0,1.568,,22.0,Yes,1811.0,76.0,550087.0,830700.0
93,17-06-2022,7907 Main Dr,austin,MA,83446,single family,3.0,2.0,2122.0,0.43,2007.0,N,True,YES,296,GOOD,10.0,39.58,,9.8,64928.0,1.738,,69.0,no,3694.0,92.0,723285.0,722080.0
70,,1580 Maple St,SEATTLE,TX,85007,Multi-Family,4.0,1.0,400.0,0.08,1972.0,Yes,no,YES,625,excellent,7.0,28.9,38.0,2.8,94157.0,0.535,,131.0,,4649.0,155.0,,454713.0
124,2022-08-14,8036 Main Dr,Denver,OR,69636,CONDO,4.0,2.0,2706.0,,2003.0,Y,no,YES,1306,Fair,9.0,,62.0,4.5,73632.0,1.297,,4.0,0,2080.0,148.0,,786601.0
97,03-02-2023,5393 Oak St, Portland,WA,93692,CONDO,5.0,3.5,2349.0,0.08,1955.0,,1,,760,Poor,2.0,13.67,97.0,2.2,,1.737,405,125.0,1,2895.0,112.0,267433.0,
144,10/18/2022,8435 Maple Ave,Austin,CO,20070, Condo,5.0,4.0,2238.0,0.83,,1,,False,1286,Excellent,1.0,14.69,93.0,15.9,72578.0,1.231,,13.0,yes,504.0,140.0,100269.0,859006.0
317,02/01/2022,9698 Main St,Portland,co,22879,CONDO,,1.0,10000.0,,1987.0,YES,yes,No,302,,8.0,16.78,,21.1,109398.0,0.726,,98.0,1,265.0,,,1741677.0
98,01/22/2023,4207 Main Dr,Denver ,MA,74237,Townhouse,3.0,2.0,2659.0,0.19,1950.0,0,N,,,Excellent,6.0,0.0,84.0,13.9,80545.0,0.857,392,157.0,no,954.0,,505046.0,702798.0
251,2022/08/09,4588 Main St,Portland,CO,72872-8698,Single Family,12.0,4.0,3248.0,0.12,1986.0,yes,,No,,Fair ,3.0,45.94,56.0,8.8,53587.0,1.644,,136.0,0,,17.0,222489.0,1156888.0
69,2022/11/07,1709 Oak Ave,Boston,co,52056,Townhouse ,2.0,4.5,2279.0,0.25,1989.0,N,yes,,1164,Poor,4.0,36.27,46.0,17.5,52147.0,0.974,325,,yes,3704.0,121.0,249692.0,664230.0
24,2023-03-31,5377 Pine Ave,Seattle,CO,92978,CONDO,4.0,1.5,2008.0,0.3,2007.0,N,Y,1,,Good,6.0,25.2,,21.6,,2.288,,25.0,yes,4607.0,,493850.0,632627.0
38,,2345 Maple Dr, Portland,co,77568,CONDO,6.0,4.5,682.0,0.31,2003.0,,,,1222,Poor,10.0,44.21,99.0,27.1,,1.139,,180.0,Yes,3480.0,176.0,,649365.0
145,2022/07/02,1561 Main Ave,Denver,Wa,47347,Townhouse,3.0,2.0,2477.0,0.18,1999.0,True,True,N,,Fair ,10.0,0.0,,33.5,48865.0,1.361,365,127.0,0,2431.0,20.0,259229.0,773091.0
123,2022-11-05,9237 Oak Ave,Seattle,WA,80742, Condo,4.0,4.5,2766.0,,1976.0,Y,True,,928,Excellent,3.0,,9.0,20.5,68327.0,0.741,,51.0,yes,952.0,25.0,,805732.0
368,2022/10/11,5999 Elm Blvd,austin,WA,62044,Townhouse,2.0,3.5,2839.0,0.07,1963.0,No,No,No,1039,Good,1.0,34.44,56.0,3.6,,0.947,,7.0,1,1965.0,68.0,437974.0,791477.0
183,2023/09/16,3099 Elm Blvd,Denver ,MA,66068,Multi-Family,5.0,1.5,2061.0,,1960.0,0,1,,868,Fair,9.0,50.68,15.0,3.0,20000.0,1.314,365,137.0,No,4376.0,10.0,431064.0,850536.0
68,,2522 Pine Blvd,austin,WA,,CONDO,3.0,4.0,2512.0,0.6,1962.0,True,,No,1096,Fair ,8.0,23.73,,5.4,97661.0,1.4,,102.0,yes,453.0,68.0,253366.0,
203,,8648 Maple St,Portland,TX,77894,Townhouse,3.0,1.5,1380.0,0.3,1994.0,False,YES,1,1015,Fair ,5.0,52.81,35.0,7.2,,1.659,84,125.0,no,2275.0,159.0,,532662.0
246,,753 Maple Dr, Portland,co,26260,single family,4.0,3.5,2807.0,0.62,1959.0,,1,,,excellent,8.0,15.81,35.0,12.9,40688.0,,,57.0,1,2435.0,183.0,,818391.0
232,01-05-2022,4541 Pine Blvd,austin,CO,78583,CONDO,3.0,2.0,1890.0,0.04,2010.0,Yes,YES,,,Good,6.0,30.51,8.0,24.7,68296.0,1.06,475,73.0,,2554.0,196.0,397087.0,609245.0
278,2022/05/26,6974 Main Ave,austin,Wa,92862,CONDO,,2.0,1046.0,,1984.0,Yes,1,N,,,4.0,21.86,20.0,5.9,70566.0,1.019,,83.0,1,1976.0,126.0,617870.0,383039.0
312,10/22/2023,4615 Elm Dr,Boston,CO,67426-1280,Multi-Family,15.0,1.5,3255.0,,2016.0,,N,Yes,,Good,5.0,25.11,71.0,4.7,95964.0,1.368,321,,Yes,4587.0,87.0,,1477611.0
212,,6996 Main Ave,Boston,OR,58904,single family,,2.0,3014.0,0.04,1956.0,YES,False,No,,Good,10.0,64.95,,13.4,95793.0,1.271,,53.0,1,4107.0,172.0,344945.0,585892.0
126,,6063 Main St,SEATTLE,tx,15357,Townhouse,4.0,3.5,2415.0,0.45,1976.0,,no,Y,,excellent,7.0,,62.0,14.6,88431.0,1.457,422,75.0,yes,587.0,117.0,,868582.0
147,2023-11-05,8074 Maple Blvd,SEATTLE,MA,,Multi-Family,0.0,2.5,2320.0,0.21,2009.0,N,Yes,No,,Fair,8.0,30.47,74.0,17.7,84228.0,1.02,,,0,3587.0,126.0,410124.0,563805.0
256,11-06-2022,3748 Main Dr,Seattle,WA,70874-9793, Condo,4.0,3.0,3182.0,0.11,2011.0,True,no,yes,,Fair,3.0,,,5.0,69955.0,,,48.0,yes,3835.0,133.0,103105.0,937132.0
87,2022/06/24,9944 Oak Ave, Portland,MA,99861, Condo,2.0,,2084.0,0.07,1962.0,True,True,Yes,1088,Good,,63.55,0.0,1.1,116657.0,0.3,189,179.0,No,3999.0,97.0,100000.0,513348.0
350,2023-06-04,8932 Oak St,Austin,MA,64891, Condo,4.0,3.0,3059.0,,2013.0,True,YES,,,Fair ,9.0,47.89,85.0,6.5,60615.0,1.319,,151.0,0,774.0,108.0,,895904.0
330,2022/09/25,2911 Pine Blvd,Denver ,co,65839,Multi-Family,3.0,3.5,2427.0,0.14,2013.0,True,0,,824,Good,1.0,29.56,51.0,15.8,68074.0,1.781,,1.0,No,,46.0,,606961.0
351,07/20/2023,8087 Maple Ave,austin,Wa,70324,Townhouse ,4.0,3.0,2357.0,0.27,2004.0,1,0,YES,,,,29.67,,16.3,84317.0,1.946,208,140.0,1,1868.0,102.0,566489.0,746158.0
292,,8122 Maple St,Boston,MA,47872,Multi-Family,5.0,3.0,2558.0,0.08,1974.0,,yes,,604,GOOD,9.0,30.57,22.0,,88865.0,2.01,,154.0,,4121.0,100.0,195523.0,848876.0
339,2022-05-26,7531 Elm Ave,Seattle,Wa,, Condo,4.0,4.5,2546.0,0.08,1953.0,yes,yes,True,1259,Fair ,2.0,22.81,74.0,,52890.0,0.921,,43.0,yes,2053.0,138.0,,790904.0
376,2023-08-20,3674 Main St,Boston,OR,80937,Condo,3.0,1.5,,0.59,2003.0,N,1,,83,Fair ,2.0,30.91,7.0,5.4,66633.0,1.538,,,no,1658.0,154.0,392665.0,237584.0
184,06/21/2023,1330 Maple Ave, Portland,tx,65407,Townhouse,2.0,1.5,1303.0,,2000.0,YES,False,0,72,,,35.17,13.0,,139719.0,0.958,,26.0,No,,39.0,511314.0,519393.0
220,30-06-2023,612 Pine Blvd,Austin,tx,44410,Multi-Family,3.0,1.0,1611.0,0.64,2018.0,True,,True,532,Fair ,4.0,,35.0,,117366.0,1.168,,,yes,2102.0,197.0,467855.0,506658.0
335,05/11/2023,8644 Maple Ave,Boston,TX,,Townhouse ,3.0,1.5,2637.0,0.11,2017.0,,N,1,93,excellent,3.0,7.82,,0.9,96229.0,,,117.0,1,1049.0,134.0,559731.0,574328.0
228,23-11-2022,6622 Oak Dr,Denver ,Wa,13796,Multi-Family,4.0,3.5,2300.0,0.07,,1,,no,,Excellent,7.0,32.71,99.0,11.4,85518.0,1.396,,155.0,0,,199.0,495208.0,833775.0
295,2023/06/04,3466 Maple Ave,Seattle,Wa,62953,CONDO,3.0,4.5,2484.0,0.21,,,,Yes,,GOOD,1.0,34.28,11.0,8.3,93858.0,0.692,133,44.0,1,4957.0,50.0,295649.0,635864.0
130,2022-12-10,6256 Main St,SEATTLE,MA,82851,Townhouse,4.0,3.0,1325.0,0.59,,Yes,yes,YES,,,,10.5,,9.6,74891.0,,252,18.0,yes,4683.0,66.0,625509.0,668938.0
39,,1120 Oak Ave, Portland,tx,72701,CONDO,3.0,3.0,2424.0,0.02,1988.0,,no,,649,,5.0,15.66,50.0,17.1,61064.0,0.951,,74.0,Yes,3673.0,191.0,346676.0,789760.0
12,2023/04/11,4658 Elm Blvd,Seattle,co,,CONDO,0.0,2.5,2030.0,0.05,1977.0,YES,,Y,,Good,3.0,18.6,,17.3,84862.0,0.988,,,0,2039.0,,476990.0,512266.0
282,2022/04/02,2706 Main Blvd,Portland,OR,,Single Family,,2.5,1292.0,0.01,1967.0,Y,N,,810,excellent,7.0,,26.0,2.0,20000.0,1.124,,95.0,,1793.0,1.0,761892.0,456568.0
186,01/14/2022,952 Maple Dr,Austin,Wa,46991,Townhouse ,2.0,3.0,2272.0,0.03,1963.0,0,True,yes,,Fair,3.0,19.52,18.0,11.5,34586.0,,,105.0,0,1945.0,109.0,580062.0,588248.0
362,2022-01-04,7588 Elm Ave,Austin,tx,46562-7212, Condo,3.0,4.0,,1.63,1988.0,,No,,460,Excellent,9.0,27.12,75.0,15.0,101556.0,,188,50.0,1,4588.0,136.0,418532.0,506332.0
113,2023-04-22,7772 Main Dr,Boston,co,39333,single family,3.0,3.5,2058.0,0.14,1971.0,Y,True,True,,Good,2.0,13.03,68.0,17.1,46479.0,0.864,,41.0,no,,177.0,398758.0,714280.0
180,2022-11-02,5428 Main Ave,SEATTLE,TX,80309, Condo,,1.5,2991.0,,1973.0,1,,Y,,Fair,3.0,7.45,10.0,4.4,91243.0,1.504,216,,yes,,200.0,,602529.0
303,,6671 Elm Ave,Boston,tx,70461,Townhouse,,,3154.0,0.05,1959.0,Y,,Y,1471,Fair ,,26.64,75.0,18.4,57813.0,0.533,186,50.0,Yes,,64.0,503535.0,468430.0
281,25-12-2023,2768 Pine Ave,austin,TX,52799,CONDO,4.0,3.5,1479.0,,2022.0,Yes,0,Yes,1461,Good,3.0,34.58,30.0,,32623.0,0.502,,88.0,no,559.0,164.0,417852.0,499824.0
272,05/17/2022,4130 Oak Ave,Portland,tx,81854,Townhouse ,3.0,4.5,2252.0,0.45,,no,Y,0,1350,,8.0,24.62,22.0,4.2,54158.0,1.036,,103.0,,3419.0,62.0,321386.0,699988.0
118,,7453 Elm Blvd, Portland,TX,,CONDO,3.0,3.0,2202.0,0.1,1980.0,True,,no,1387,Fair,1.0,27.87,,,,1.499,,73.0,Yes,,,496822.0,853360.0
383,,3170 Elm Dr,Seattle,CO,36201,Condo,,4.0,530.0,0.03,2021.0,False,yes,,,,7.0,16.23,33.0,16.6,74180.0,0.938,67,56.0,No,1372.0,130.0,,220868.0
389,2022/11/09,9428 Pine Ave,Portland,MA,69099,single family,3.0,2.0,2059.0,0.02,2011.0,no,True,False,1315,,5.0,35.03,97.0,22.3,,0.919,,123.0,no,4298.0,73.0,219296.0,699282.0
400,2022-07-03,3949 Pine St,austin,CO,90733,Single Family,,4.0,2083.0,0.02,1800.0,0,True,N,417,,2.0,18.8,69.0,25.1,91696.0,0.666,,117.0,no,940.0,,,551332.0
300,2022-06-05,4280 Oak St,Seattle,CO,44800,Condo,5.0,4.5,1555.0,0.13,1983.0,0,,Y,668,,10.0,39.37,55.0,8.5,102649.0,1.149,,,1,2160.0,,,804142.0
234,,2441 Elm Dr,Denver ,MA,83125,CONDO,5.0,4.0,2371.0,0.06,1972.0,Yes,no,1,,Poor,,,32.0,8.6,,1.665,328,12.0,0,518.0,7.0,260897.0,5000000.0
377,,6275 Oak Dr,Portland,CO,60507,Condo,6.0,3.5,2158.0,0.2,2015.0,False,Yes,0,1216,Good,7.0,50.56,91.0,,106074.0,1.091,,52.0,,1147.0,72.0,558164.0,781607.0
394,2023/07/09,2624 Elm Ave,austin,WA,51504,CONDO,4.0,2.0,2333.0,0.51,1959.0,No,yes,No,,Excellent,,10.77,44.0,24.0,102965.0,1.105,25,19.0,Yes,4020.0,9.0,570343.0,661446.0
165,2023-04-18,5229 Oak Dr,SEATTLE,OR,83196,Townhouse,2.0,3.5,1680.0,0.02,2018.0,True,Yes,True,284,GOOD,10.0,6.64,48.0,3.9,76003.0,0.951,,28.0,no,2545.0,,,608109.0
361,2022-08-06,833 Main St,Denver,OR,10276,Townhouse ,3.0,4.5,3450.0,0.37,1999.0,YES,Yes,,,,6.0,4.69,,5.6,,1.264,,141.0,No,3397.0,150.0,369027.0,912338.0
137,04/13/2022,5604 Elm Blvd,Denver,MA,67146,Condo,3.0,4.0,865.0,0.61,1993.0,True,,0,429,Good,5.0,38.99,40.0,17.0,20000.0,0.839,,141.0,Yes,4278.0,147.0,165728.0,639888.0
155,2022-07-07,2626 Maple Dr,Denver,TX,52636,Single Family,2.0,1.5,2149.0,0.02,2014.0,No,YES,Yes,,,8.0,22.17,2.0,14.4,73989.0,0.82,,143.0,No,3382.0,162.0,269414.0,543608.0
200,,7267 Maple St,Seattle,WA,,Townhouse ,4.0,1.0,1649.0,0.25,1964.0,1,No,Y,950,Fair ,,55.92,84.0,19.7,105721.0,1.437,,,no,,,516754.0,603255.0
198,30-05-2022,9409 Main Dr,Austin,tx,72050,Multi-Family,6.0,1.5,524.0,0.38,2003.0,False,YES,yes,189,Fair ,5.0,28.37,60.0,17.5,32449.0,0.496,,178.0,,,152.0,,456547.0
345,10/09/2023,4776 Main Ave,Austin,WA,,Townhouse ,4.0,3.0,2037.0,0.58,1986.0,yes,no,YES,217,excellent,1.0,23.65,100.0,18.2,,,405,59.0,no,787.0,108.0,358644.0,780805.0
3,2023-05-21,1896 Oak Ave,SEATTLE,WA,88104-9669,single family,5.0,3.0,1473.0,0.18,,,,YES,365,Good,5.0,3.82,47.0,5.0,92931.0,2.224,0,,yes,2569.0,61.0,459134.0,680727.0
233,2023-11-07,2597 Main Ave,Boston,CO,23411,Townhouse ,4.0,4.5,2839.0,0.11,1968.0,1,Yes,Y,,Excellent,,0.76,38.0,18.4,,1.371,,99.0,yes,4326.0,20.0,534870.0,898047.0
205,05/03/2022,9953 Maple Dr,Portland,TX,94366,Single Family,3.0,1.0,2081.0,0.09,1988.0,,Y,N,,GOOD,1.0,40.49,82.0,8.4,,1.361,14,3.0,yes,3619.0,22.0,,646781.0
116,,6138 Main Dr,Seattle,CO,78997-5578, Condo,3.0,1.5,2524.0,0.54,2018.0,1,1,0,1175,Fair ,5.0,,95.0,18.5,110078.0,1.753,296,14.0,yes,273.0,21.0,,780496.0
291,2022/09/26,803 Maple Dr,Austin,OR,58979,Multi-Family,2.0,2.0,1914.0,,2003.0,No,,,,Excellent,7.0,57.81,43.0,5.2,58088.0,1.167,,121.0,no,4879.0,174.0,369887.0,488528.0
396,,6230 Pine Dr, Portland,tx,,CONDO,4.0,4.0,3570.0,0.1,2003.0,yes,1,1,349,GOOD,1.0,0.0,10.0,9.5,33950.0,,,41.0,yes,2692.0,196.0,536704.0,943960.0
27,2023/03/04,441 Maple Ave,Denver ,tx,,Multi-Family,3.0,2.5,2246.0,,1994.0,False,yes,no,,excellent,10.0,7.86,,17.0,106985.0,0.816,296,145.0,1,2639.0,17.0,607300.0,759309.0
121,2023-04-06,706 Maple St,austin,TX,37745, Condo,5.0,1.5,981.0,0.01,1955.0,False,yes,Yes,,Excellent,2.0,30.51,13.0,,71068.0,0.386,,52.0,,3343.0,175.0,509818.0,683555.0
116,,6138 Main Dr,Seattle,CO,78997-5578, Condo,3.0,1.5,2524.0,0.54,2018.0,1,1,0,1175,Fair ,5.0,,95.0,18.5,110078.0,1.753,296,14.0,yes,273.0,21.0,,780496.0
225,08-01-2022,7530 Elm Blvd,Denver ,CO,87080,Condo,3.0,4.0,3492.0,0.32,,,,no,569,GOOD,,20.17,56.0,2.1,,1.159,,156.0,No,1205.0,,583769.0,876836.0
336,2022-05-15,4551 Maple Ave,Portland,tx,27937-8014,Townhouse ,,4.0,1079.0,0.59,2013.0,0,Y,,572,GOOD,7.0,25.21,91.0,17.4,89480.0,1.368,,158.0,Yes,3557.0,6.0,,410398.0
279,12-11-2022,5189 Pine Dr,Seattle,CO,54708,Townhouse,6.0,2.5,2440.0,0.07,2010.0,0,Y,True,1430,Fair,10.0,19.44,30.0,26.8,66809.0,1.346,160,25.0,No,716.0,118.0,545641.0,994180.0
128,11/14/2023,3997 Main St,austin,CO,58453,Single Family,6.0,3.0,1113.0,0.2,1990.0,,0,0,,excellent,5.0,20.26,85.0,11.0,54568.0,1.536,,177.0,no,1192.0,29.0,302106.0,631255.0
395,2022-12-27,4225 Maple Ave,austin,WA,32631, Condo,4.0,1.0,1540.0,0.06,1991.0,YES,True,False,,Poor,1.0,15.87,37.0,3.3,20000.0,1.292,,129.0,no,4802.0,3.0,,
108,,8253 Elm St,Denver ,OR,96438,Townhouse ,4.0,2.5,1556.0,,2023.0,YES,Y,No,,Fair ,3.0,9.94,76.0,3.9,73959.0,1.294,184,24.0,yes,3154.0,194.0,632575.0,553531.0
347,2022/09/18,7256 Oak St,austin,WA,28117, Condo,,,2695.0,,1953.0,,No,Yes,994,Good,1.0,6.19,69.0,1.8,69396.0,0.953,358,162.0,1,,181.0,,745185.0
134,2023/03/31,4861 Elm Ave,Seattle,co,58161, Condo,3.0,4.0,3071.0,0.51,1958.0,no,Y,no,827,Fair ,5.0,44.76,96.0,11.6,137257.0,0.924,,155.0,no,1257.0,27.0,,949527.0
358,01-01-2024,8902 Pine Dr,Seattle,co,62185,Multi-Family,4.0,2.5,1634.0,0.03,,1,Y,,,,,26.88,31.0,16.1,93374.0,0.793,,99.0,,2712.0,128.0,363387.0,641955.0
45,03-03-2023,6267 Oak Dr,Portland,OR,28920,Single Family,6.0,2.5,2082.0,0.13,1974.0,N,False,True,149,,4.0,34.21,1.0,20.9,,1.282,386,63.0,0,2010.0,198.0,,857028.0
382,03/30/2022,674 Oak St,Portland,Wa,56014,Townhouse ,4.0,4.5,1658.0,0.62,1977.0,yes,yes,yes,906,Poor,10.0,,60.0,2.9,91044.0,1.692,,91.0,No,763.0,8.0,304403.0,685370.0
66,04-02-2022,4378 Main St,austin,CO,31090,Condo,6.0,2.0,,0.04,2002.0,,,0,,excellent,2.0,11.87,19.0,,,,320,52.0,No,2440.0,121.0,190214.0,545037.0
86,2022/12/20,9999 Main Ave,Denver ,CO,77441,Multi-Family,2.0,4.0,1560.0,1.73,1970.0,N,Yes,no,,Fair,,22.53,,30.6,76776.0,1.206,,145.0,0,2372.0,55.0,396381.0,549846.0
243,2023-08-26,5486 Pine Dr,Denver ,TX,51896, Condo,5.0,4.0,2413.0,0.28,1800.0,no,,0,,excellent,8.0,,21.0,17.4,58728.0,1.258,384,143.0,No,4453.0,155.0,307784.0,755286.0
187,08-11-2022,4696 Maple Dr,Portland,tx,33822,Single Family,3.0,4.0,1362.0,0.06,1951.0,,yes,Y,,GOOD,10.0,33.05,26.0,12.3,,,308,151.0,0,1630.0,25.0,,624667.0
160,2023-11-25,4931 Elm Dr,Seattle,Wa,88587,Single Family,3.0,1.0,3119.0,,1958.0,no,True,yes,524,,8.0,20.49,,0.0,54212.0,0.913,183,139.0,No,4992.0,94.0,534238.0,794254.0
13,2022-05-04,772 Maple Dr,austin,WA,54725,Townhouse ,12.0,3.0,2974.0,0.49,1984.0,no,No,YES,499,Fair ,8.0,20.36,33.0,15.4,67301.0,1.053,,3.0,No,,125.0,591060.0,1222743.0
36,19-10-2023,3553 Pine Dr,Austin,co,81509,single family,4.0,,2115.0,0.17,1968.0,,Y,,707,Fair,9.0,49.49,34.0,1.4,,,442,64.0,No,4782.0,48.0,616190.0,602381.0
29,2023-11-04,2563 Maple St,Denver,tx,95990,Townhouse ,4.0,3.5,2721.0,0.66,2017.0,False,N,0,,GOOD,4.0,7.71,17.0,2.0,79950.0,0.858,276,,yes,1123.0,39.0,,804979.0
171,,199 Main Dr,Seattle,OR,,Multi-Family,2.0,1.5,2606.0,0.15,1981.0,True,1,False,,,,57.34,,0.9,100089.0,1.213,419,,no,731.0,76.0,437695.0,690775.0
143,2023/05/20,2261 Main Blvd, Portland,Wa,25314,Townhouse,6.0,3.0,3861.0,0.56,1990.0,1,,yes,1346,,,30.44,,20.4,65900.0,1.352,474,114.0,0,3799.0,184.0,350967.0,1035074.0
332,,8491 Pine St,Seattle,MA,92059, Condo,4.0,,1647.0,0.2,2011.0,,False,yes,,,2.0,,59.0,6.1,118308.0,0.697,,160.0,no,1310.0,33.0,521980.0,624732.0
284,,4171 Main St,Austin,TX,11469-1000,single family,0.0,2.5,3438.0,1.12,1988.0,No,YES,yes,,Poor,,35.09,60.0,14.7,,0.971,,149.0,yes,4663.0,187.0,415278.0,839621.0
222,21-03-2022,9444 Maple Dr,Seattle,Wa,28753,CONDO,3.0,1.0,2379.0,0.66,,True,no,,,,6.0,27.92,84.0,7.2,85154.0,1.082,,20.0,No,4755.0,187.0,425269.0,812257.0
96,,8160 Oak Blvd,Austin,CO,,Townhouse,3.0,,,0.33,2050.0,,,Yes,,Fair,,,24.0,0.2,56255.0,1.21,,64.0,no,324.0,188.0,477648.0,2000000.0
52,2022-11-23,1985 Main Blvd,Seattle,CO,41970,Townhouse,3.0,2.0,,0.16,2004.0,,no,no,,Good,9.0,42.69,33.0,6.2,23605.0,1.742,,100.0,1,2933.0,158.0,,340836.0
241,,7554 Elm St,Denver ,MA,, Condo,5.0,3.0,2071.0,0.03,2007.0,False,Yes,True,,Excellent,7.0,,,2.9,83059.0,1.241,,118.0,No,4338.0,10.0,,587672.0
312,10/22/2023,4615 Elm Dr,Boston,CO,67426-1280,Multi-Family,15.0,1.5,3255.0,,2016.0,,N,Yes,,Good,5.0,25.11,71.0,4.7,95964.0,1.368,321,,Yes,4587.0,87.0,,1477611.0
318,22-01-2023,1553 Maple Blvd, Portland,CO,83793,Townhouse ,3.0,3.5,3416.0,0.03,1955.0,Yes,N,no,,,6.0,,81.0,2.3,46285.0,1.338,,16.0,Yes,3258.0,135.0,,858507.0
179,08/13/2023,6269 Elm Ave,Austin,WA,72111,Single Family,3.0,4.0,2549.0,0.11,1972.0,N,,,1373,,7.0,42.86,15.0,,,0.782,115,147.0,no,824.0,46.0,368655.0,722069.0
42,05/02/2022,6742 Pine Blvd,Seattle,MA,38947,Townhouse,10.0,4.5,2409.0,0.7,1960.0,0,,Y,,Good,,44.58,19.0,10.2,95458.0,1.076,367,24.0,no,3764.0,106.0,448624.0,1050938.0
324,04-04-2023,4989 Oak Dr, Portland,CO,37782,CONDO,2.0,1.0,2235.0,0.09,1987.0,yes,Yes,,522,Fair,10.0,21.16,98.0,14.6,73134.0,1.65,425,155.0,0,3787.0,,349888.0,680418.0
207,25-06-2023,5208 Elm Ave, Portland,WA,38676-7317, Condo,3.0,2.0,1401.0,,1963.0,no,Yes,1,,Excellent,9.0,29.53,10.0,12.8,78645.0,0.809,,,yes,452.0,187.0,266131.0,588551.0
283,2023/07/24,2719 Oak Blvd,austin,OR,44123,single family,15.0,1.5,2184.0,0.99,2022.0,YES,,False,,excellent,1.0,21.06,32.0,26.1,,,440,128.0,no,3800.0,154.0,291480.0,1287260.0
255,09-10-2022,843 Oak Ave,Denver,TX,30415, Condo,2.0,3.5,943.0,0.23,1969.0,,False,yes,,Good,1.0,8.1,33.0,11.5,,,,,,3389.0,,437567.0,423917.0
385,,7858 Maple Dr,Seattle,tx,72409,CONDO,2.0,,1779.0,0.53,,,False,Y,,excellent,,,75.0,5.2,41699.0,2.164,,,,,64.0,,584569.0
5,,1712 Main Dr,austin,WA,34931,Townhouse,3.0,1.5,500.0,0.11,1971.0,1,no,N,337,Fair ,8.0,6.69,100.0,32.2,110809.0,1.287,,15.0,1,,12.0,532264.0,344273.0
257,15-05-2022,2479 Pine St,SEATTLE,TX,33877,Single Family,3.0,3.5,1341.0,0.18,2008.0,0,1,No,1342,GOOD,3.0,28.59,70.0,8.4,,1.317,134,94.0,Yes,1084.0,,534919.0,708005.0
372,2023-03-08,5935 Oak St, Portland,Wa,41847,Condo,3.0,3.0,1735.0,0.13,2022.0,0,1,Y,381,Fair ,7.0,18.16,85.0,11.5,,,234,134.0,yes,3845.0,177.0,338050.0,
101,08/08/2023,1644 Main Dr,austin,CO,58114,Multi-Family,4.0,1.5,943.0,0.13,2023.0,No,True,False,,Fair ,,5.21,55.0,8.2,106937.0,1.248,,168.0,Yes,3183.0,,522504.0,590942.0
227,14-08-2022,7802 Oak Dr,Denver,co,36027,Condo,5.0,,1992.0,0.08,1983.0,False,True,no,991,Fair,4.0,17.36,80.0,16.2,116275.0,1.605,,29.0,,3487.0,83.0,,593910.0
355,2023/07/25,8251 Elm St,austin,Wa,11881,single family,5.0,1.0,2677.0,0.07,2014.0,Yes,N,yes,,GOOD,7.0,10.77,23.0,2.2,93536.0,1.618,,162.0,1,489.0,,480576.0,908560.0
214,,7588 Main Dr,Austin,MA,, Condo,,2.0,1631.0,0.22,2014.0,,0,N,357,GOOD,10.0,26.11,35.0,8.5,116246.0,0.942,,166.0,no,1527.0,129.0,280121.0,406030.0
172,21-09-2022,7531 Maple Dr, Portland,co,, Condo,5.0,3.5,1892.0,0.8,2012.0,True,No,N,254,Fair,7.0,31.96,44.0,10.7,72033.0,1.568,333,109.0,No,3010.0,173.0,,710578.0
99,07/02/2022,1853 Elm Ave,Seattle,TX,60934,single family,,1.5,2297.0,0.21,2009.0,Yes,Y,0,851,Excellent,5.0,0.0,9.0,17.9,64434.0,,272,50.0,No,1515.0,142.0,426976.0,517761.0
293,05-07-2023,1280 Maple St,SEATTLE,Wa,,single family,15.0,4.0,1670.0,1.19,2010.0,Y,No,yes,,GOOD,1.0,,,5.4,,,216,170.0,Yes,2320.0,61.0,,1193708.0
216,2023-10-07,3434 Main Ave,Austin,tx,84487,Condo,15.0,4.5,2151.0,0.72,2006.0,N,No,True,,,2.0,,2.0,8.6,170793.0,1.32,,,,2409.0,,287231.0,1238541.0
62,,5470 Oak St,Portland,tx,16416,single family,12.0,1.5,1610.0,,1978.0,N,Y,False,1320,excellent,2.0,,56.0,7.8,,0.594,62,,1,3285.0,97.0,605031.0,1173097.0
48,2023/12/10,4541 Main St,Boston,TX,51220,Multi-Family,4.0,,2594.0,0.14,2019.0,,,yes,1411,,6.0,26.33,43.0,15.5,62963.0,1.29,167,70.0,no,2964.0,96.0,401888.0,796914.0
33,2023/02/14,5654 Oak Dr,Denver ,tx,78062,Condo,2.0,3.5,2603.0,0.16,1971.0,Y,1,Yes,722,Fair ,1.0,37.99,95.0,7.3,65464.0,,400,,,3016.0,145.0,,561471.0
268,,8429 Pine Ave, Portland,tx,15861-2616, Condo,5.0,2.5,,0.37,1964.0,Yes,no,False,677,Fair ,6.0,0.89,,3.9,51925.0,0.824,348,161.0,0,2283.0,2.0,524421.0,434493.0
201,09/07/2023,9474 Elm Ave, Portland,Wa,94467,Single Family,4.0,2.0,1545.0,0.02,1966.0,False,True,,,excellent,3.0,24.95,,18.9,55522.0,1.579,,140.0,Yes,257.0,33.0,502305.0,409864.0
370,,299 Oak St,Austin,MA,14119,Townhouse ,,3.0,2057.0,0.07,1993.0,True,yes,0,,Poor,10.0,,4.0,,60265.0,1.086,329,147.0,,653.0,183.0,361573.0,489230.0
28,2023-08-29,1315 Maple Dr,Denver ,TX,,Condo,6.0,1.0,1716.0,0.5,2050.0,No,,Y,172,Fair,,32.73,78.0,40.8,92126.0,1.654,,87.0,Yes,2791.0,,,833720.0
326,19-10-2022,6776 Main Ave,SEATTLE,tx,,Townhouse,4.0,1.5,1848.0,0.17,,no,Yes,0,872,Fair,9.0,51.24,15.0,21.1,,1.476,123,80.0,yes,382.0,42.0,324553.0,698278.0
231,2022/09/13,7858 Pine Ave,Austin,co,50823,Townhouse,,4.0,1851.0,0.1,2013.0,False,no,Y,989,Good,7.0,27.94,20.0,12.5,,0.989,58,109.0,0,4041.0,140.0,498907.0,
261,2022-04-11,4009 Maple Dr,SEATTLE,TX,67703,Single Family,4.0,1.0,1723.0,0.21,2002.0,,1,YES,,GOOD,4.0,45.62,89.0,31.7,66908.0,1.678,,141.0,0,2905.0,44.0,349465.0,691625.0
289,2023-12-05,3362 Elm Dr,Portland,TX,95704-7172,Single Family,3.0,4.5,1551.0,0.75,2022.0,1,Y,,42,GOOD,2.0,,89.0,7.9,,1.332,183,130.0,No,1377.0,,,632244.0
163,,1162 Oak Dr, Portland,tx,70852,CONDO,12.0,1.0,1754.0,0.27,2004.0,True,yes,Y,,Good,,4.45,74.0,,74937.0,1.366,,111.0,,2286.0,45.0,284154.0,948250.0
353,2022-10-24,6922 Elm St,Denver ,co,18563,Townhouse,4.0,,2212.0,,2020.0,YES,No,1,,,2.0,38.53,50.0,11.8,60619.0,1.662,275,64.0,1,4551.0,129.0,336859.0,820467.0
139,,1579 Elm Ave,Portland,WA,75568-9551,single family,2.0,4.0,3304.0,0.4,2050.0,N,YES,True,,,2.0,31.02,35.0,4.5,84714.0,1.083,420,166.0,1,,13.0,152426.0,791566.0
63,2022/07/11,2535 Main Ave,Boston,co,82179,Condo,2.0,1.0,2000.0,0.01,2022.0,N,YES,yes,,Poor,,37.77,60.0,2.1,75858.0,1.587,51,62.0,,508.0,56.0,254159.0,606358.0
136,2022/06/10,4415 Elm Dr,austin,MA,13689,Townhouse,3.0,3.5,1453.0,1.68,,no,no,no,1213,Good,2.0,,58.0,10.3,78600.0,1.445,,6.0,1,,146.0,246581.0,547359.0
129,02-04-2023,1001 Pine Ave, Portland,OR,46428,Condo,3.0,2.5,688.0,,2000.0,N,Y,N,,excellent,5.0,22.4,,4.5,149168.0,1.002,147,109.0,no,4860.0,36.0,,535081.0
9,,3328 Maple Dr,Seattle,tx,96951,single family,4.0,2.5,1243.0,0.39,1988.0,Yes,YES,YES,,GOOD,8.0,37.52,94.0,12.4,,1.17,171,61.0,No,1257.0,,,664287.0
65,09/21/2023,9749 Oak Dr,Boston,MA,10235-7415,Single Family,3.0,1.5,2905.0,0.47,1971.0,No,,False,687,excellent,2.0,11.89,6.0,10.0,146229.0,1.606,252,90.0,Yes,4785.0,175.0,,750509.0
301,09/12/2022,1715 Pine Blvd,SEATTLE,Wa,53412,Multi-Family,3.0,1.0,1039.0,0.27,,Y,No,YES,,,7.0,24.82,36.0,5.6,44213.0,1.054,303,22.0,Yes,119.0,109.0,466582.0,5000000.0
15,2022/09/16,1969 Main Dr,Denver ,WA,99974,Townhouse,5.0,4.0,2339.0,0.14,2006.0,True,N,YES,123,Good,4.0,24.72,,3.4,42824.0,0.803,,177.0,yes,,72.0,415352.0,766241.0
157,,2290 Main Dr,Austin,TX,64154, Condo,3.0,,2020.0,0.06,2050.0,True,Y,N,,Excellent,,10.46,,14.4,130398.0,1.289,98,158.0,,1969.0,92.0,,665838.0
41,,9405 Pine St,austin,MA,94058, Condo,2.0,3.5,2183.0,0.14,1987.0,,no,yes,1308,Fair ,2.0,,61.0,4.6,109858.0,1.821,,69.0,yes,4743.0,,334072.0,594816.0
381,2022/08/16,7521 Oak Dr,SEATTLE,tx,35556,Condo,2.0,3.5,1625.0,,1997.0,0,False,Yes,,Fair,3.0,,59.0,13.2,89049.0,,,78.0,1,1061.0,55.0,253324.0,489158.0
337,13-02-2022,6203 Oak Ave,Seattle,OR,25169,CONDO,,,,0.05,2021.0,False,No,YES,,,7.0,8.04,18.0,2.1,91043.0,0.785,,115.0,,2447.0,38.0,511572.0,208968.0
217,2023-05-28,1028 Pine St,Denver ,MA,14230,single family,5.0,3.5,3118.0,0.45,,True,True,,72,Good,10.0,0.0,61.0,11.6,85877.0,,,130.0,yes,2535.0,58.0,,1012751.0
280,2022/09/30,3265 Maple Ave,austin,TX,39272,CONDO,4.0,4.5,1606.0,0.32,1965.0,Yes,,no,1032,Fair ,1.0,18.73,3.0,3.0,108763.0,,,38.0,no,4914.0,80.0,,772313.0
359,05-12-2022,293 Main St, Portland,WA,61948,single family,2.0,3.0,2092.0,0.46,1976.0,Y,,No,1268,,,0.0,92.0,15.1,38960.0,1.477,,117.0,1,4464.0,159.0,600235.0,664179.0
237,,8669 Elm Ave,Austin,Wa,84542,Townhouse ,4.0,3.0,2260.0,0.03,,No,0,False,973,GOOD,7.0,0.97,13.0,7.9,20000.0,,,86.0,Yes,2982.0,119.0,421500.0,857326.0
208,2022-06-30,8187 Pine Dr,Seattle,TX,24559,Single Family,4.0,4.0,2023.0,0.09,1976.0,no,Y,False,,excellent,2.0,38.7,94.0,3.6,119780.0,1.092,,18.0,yes,1211.0,170.0,396794.0,643673.0
213,2022-01-07,3388 Main St,Austin,CO,25864,Multi-Family,3.0,,2268.0,0.18,2019.0,True,False,1,1263,Fair,3.0,6.0,65.0,9.5,61548.0,2.004,,171.0,1,2304.0,178.0,665479.0,607450.0
296,08/23/2022,1613 Pine St,Boston,WA,43442,single family,3.0,2.0,2575.0,,1972.0,1,N,yes,,Poor,2.0,35.71,22.0,6.5,73016.0,2.04,,46.0,No,121.0,43.0,362946.0,707582.0
379,2023-05-30,7159 Oak Blvd,Denver,WA,47427,Single Family,5.0,1.5,2436.0,0.14,1997.0,N,YES,1,,Poor,,2.25,99.0,2.9,87062.0,0.683,,,0,4510.0,63.0,443627.0,742707.0
252,2023/01/05,3619 Oak Blvd,Denver ,OR,53648,single family,4.0,4.0,3217.0,,1997.0,N,Yes,0,669,,6.0,24.6,71.0,12.2,50711.0,1.37,44,120.0,No,3580.0,119.0,328924.0,881393.0
79,2023-12-18,4997 Pine Blvd, Portland,OR,91810,CONDO,2.0,3.5,2501.0,0.08,2003.0,0,YES,N,1070,Fair ,,39.46,20.0,17.8,116577.0,,,76.0,1,,26.0,155167.0,697627.0
380,30-04-2022,5161 Oak St,Denver ,Wa,70017,Single Family,,1.5,1627.0,0.06,1960.0,0,1,No,1140,Fair,5.0,16.78,64.0,16.7,41854.0,1.288,347,29.0,0,257.0,105.0,582693.0,402994.0
304,12-02-2023,7466 Oak Blvd,SEATTLE,tx,84261,Townhouse,,3.0,1614.0,0.11,1980.0,1,YES,no,855,Excellent,6.0,9.65,,15.4,40536.0,1.467,,86.0,,4186.0,100.0,469388.0,304035.0
270,2022-05-27,8351 Oak Ave,austin,TX,30016,single family,3.0,2.0,1516.0,0.66,2006.0,1,No,no,589,Fair,6.0,30.03,68.0,,80515.0,1.92,,10.0,Yes,98.0,144.0,,676515.0
202,07/11/2022,4964 Oak Ave,SEATTLE,MA,46040,Townhouse,4.0,1.5,2840.0,,1996.0,no,N,No,44,,2.0,14.25,81.0,4.9,72519.0,1.151,,46.0,0,307.0,,627017.0,5000000.0
162,26-09-2022,9185 Oak Ave,Portland,TX,44313-1343,Townhouse,4.0,2.5,1612.0,0.6,2005.0,No,No,yes,267,Poor,6.0,22.22,5.0,9.0,76314.0,1.141,,39.0,Yes,2344.0,130.0,544581.0,818641.0
44,,6968 Pine St,Portland,OR,, Condo,4.0,2.5,2816.0,0.47,1979.0,,True,Y,1377,Poor,3.0,200.0,7.0,9.9,48082.0,1.23,,174.0,no,,164.0,298425.0,900409.0
218,2022/07/20,396 Pine Dr,Austin,Wa,26415,Townhouse ,2.0,3.5,,0.15,1979.0,,,,93,Excellent,4.0,,,16.8,,0.861,125,34.0,no,679.0,,303467.0,382396.0
191,2023-10-05,1842 Pine Blvd,Seattle,OR,83774,Townhouse,3.0,1.5,2022.0,,2003.0,no,Yes,no,301,excellent,7.0,20.85,62.0,0.7,,,182,86.0,Yes,1287.0,135.0,439884.0,720305.0
310,,2175 Oak Ave,SEATTLE,TX,45823,Multi-Family,3.0,3.0,3046.0,0.25,1981.0,No,,N,,,,39.06,88.0,10.0,,0.763,,172.0,0,,190.0,,775932.0
260,04/23/2023,8083 Maple Ave, Portland,WA,,CONDO,4.0,1.0,2189.0,0.6,1982.0,Y,N,False,730,Good,8.0,30.86,85.0,4.2,112857.0,0.838,,156.0,no,3184.0,,,676048.0
106,10/04/2022,3423 Oak St,Denver,co,74217, Condo,3.0,3.5,3034.0,0.29,1954.0,1,1,Yes,503,Fair ,1.0,29.01,6.0,17.1,77468.0,1.626,146,109.0,Yes,1215.0,165.0,322406.0,917847.0
54,2023-06-08,4489 Pine Blvd, Portland,TX,67850,Townhouse ,4.0,4.5,1949.0,0.04,1980.0,,True,,,Fair ,3.0,1.01,72.0,11.0,90433.0,1.485,,75.0,yes,4264.0,173.0,231303.0,569620.0
2,,3833 Maple St,Portland,WA,69429,CONDO,3.0,1.5,1779.0,0.06,2021.0,Y,,,,Excellent,7.0,28.63,91.0,5.3,23252.0,0.975,234,36.0,1,4838.0,149.0,248075.0,5000000.0
50,2022/09/10,9828 Pine Ave,Denver ,WA,10887-6443,Townhouse ,3.0,2.0,3652.0,0.69,2050.0,,,False,1179,GOOD,7.0,57.85,69.0,3.5,49808.0,,482,113.0,,3401.0,35.0,100000.0,855739.0
81,06/23/2023,8629 Main Ave,SEATTLE,Wa,,Multi-Family,3.0,4.5,1299.0,,2007.0,False,True,True,,Excellent,6.0,21.96,,10.4,128464.0,,394,131.0,Yes,1627.0,21.0,432529.0,580219.0
206,,960 Maple St,Seattle,TX,19835,Townhouse ,2.0,2.0,3312.0,0.2,1965.0,no,True,1,574,,5.0,24.59,31.0,24.2,124837.0,1.017,,,Yes,3885.0,48.0,309668.0,834301.0
35,2023-09-19,5167 Elm Dr, Portland,Wa,85353,CONDO,3.0,2.0,1633.0,0.0,2016.0,yes,yes,Y,461,,2.0,21.44,16.0,25.0,74416.0,,303,40.0,1,2815.0,144.0,,491354.0
264,2022-08-18,971 Elm Dr,Denver ,Wa,,Single Family,4.0,2.0,1602.0,0.13,1953.0,1,N,,273,Poor,5.0,15.6,72.0,16.9,103593.0,1.405,348,2.0,Yes,2985.0,198.0,508764.0,681594.0
92,2022-06-28,8590 Elm Blvd,Austin,TX,59732,CONDO,5.0,3.5,3252.0,0.09,2001.0,yes,True,yes,1404,Good,4.0,0.0,94.0,0.2,127643.0,0.367,,162.0,0,4036.0,143.0,654468.0,954681.0
340,,7686 Elm Ave,Denver,Wa,12563,single family,12.0,2.0,2556.0,0.24,,True,yes,1,,Excellent,10.0,1.21,14.0,5.0,131128.0,1.356,,143.0,1,1272.0,,269756.0,1226170.0
53,,2294 Maple St,Portland,MA,58929,Townhouse ,2.0,2.0,3190.0,0.16,1956.0,Yes,1,yes,,Fair ,9.0,23.37,90.0,9.6,82781.0,,,57.0,yes,2414.0,117.0,627434.0,803496.0
346,2023-11-18,2526 Pine St,Seattle,tx,70746,Single Family,2.0,1.0,2596.0,0.02,1975.0,yes,No,,,Excellent,3.0,25.66,57.0,5.1,81338.0,1.68,,31.0,yes,1691.0,40.0,326214.0,539275.0
265,06/15/2022,9955 Oak Ave,Austin,co,53488,Townhouse ,5.0,2.0,1686.0,0.42,1982.0,yes,YES,N,,GOOD,2.0,31.48,2.0,15.6,,1.434,48,,yes,276.0,145.0,467448.0,641535.0
242,2023-10-16,6357 Pine St,austin,MA,12933,single family,4.0,2.5,8000.0,,1977.0,N,YES,,380,Excellent,3.0,41.14,2.0,4.3,29588.0,0.479,,163.0,No,2709.0,156.0,,1473269.0
14,2023-12-30,1624 Maple Ave,SEATTLE,OR,86225,CONDO,4.0,3.0,400.0,0.08,1973.0,,1,YES,1074,Good,5.0,30.18,,7.3,50931.0,1.135,357,164.0,no,150.0,120.0,460607.0,610894.0
316,2022-08-24,1954 Pine Dr,SEATTLE,CO,,Multi-Family,3.0,1.5,1651.0,0.46,1992.0,yes,Yes,N,420,Poor,2.0,22.73,,5.7,23779.0,0.753,,43.0,,321.0,199.0,,696514.0
89,2022-06-15,6662 Maple St,Denver,Wa,10693,Townhouse,4.0,1.0,2948.0,0.01,1957.0,yes,False,1,413,,1.0,44.07,78.0,4.4,,1.239,,41.0,yes,2942.0,103.0,380448.0,882238.0
274,2023-05-04,9703 Maple Dr,Denver,co,74456-6633,CONDO,5.0,4.0,1513.0,0.03,1991.0,,,No,,,,41.88,,0.8,,1.01,468,82.0,Yes,2561.0,110.0,531158.0,5000000.0
167,2023/10/24,5781 Maple Dr,Denver,Wa,90967, Condo,4.0,1.0,2535.0,0.19,1958.0,,no,1,1132,GOOD,,26.45,57.0,4.6,45279.0,,,164.0,0,2865.0,49.0,262756.0,
329,2023/11/17,8222 Pine Blvd,SEATTLE,WA,68653,single family,4.0,1.0,2895.0,0.22,1985.0,Yes,no,1,,excellent,7.0,38.31,,8.5,56413.0,1.262,,,,805.0,150.0,514970.0,696826.0
277,2023/08/30,8401 Maple Ave,SEATTLE,MA,41558,single family,2.0,1.0,1947.0,0.46,1900.0,No,Y,True,740,Good,6.0,18.43,63.0,11.1,87237.0,1.15,116,11.0,no,3831.0,103.0,100000.0,593401.0
135,,965 Main Dr,Austin,CO,99024,single family,2.0,4.5,2358.0,0.03,2019.0,,Yes,N,243,GOOD,8.0,,99.0,5.8,93560.0,1.652,,100.0,Yes,4068.0,175.0,844751.0,645969.0
307,2023-09-22,5936 Main Blvd,Denver,Wa,81474-1298,Condo,2.0,2.5,2720.0,,2005.0,0,,,343,,2.0,2.45,99.0,17.8,99100.0,1.213,101,10.0,Yes,190.0,95.0,256573.0,523265.0
399,,2772 Pine Blvd, Portland,OR,24780, Condo,5.0,1.5,2030.0,0.23,1985.0,0,No,False,,Poor,,,54.0,14.7,73020.0,1.38,31,51.0,1,4506.0,24.0,,720042.0
320,07/11/2022,6146 Maple Ave,Boston,OR,13049, Condo,3.0,1.0,871.0,0.09,1972.0,YES,Y,,953,Excellent,6.0,23.75,,1.6,47344.0,0.798,,91.0,1,2631.0,31.0,431090.0,486197.0
244,2022-08-05,4840 Oak Ave,SEATTLE,Wa,38541,single family,3.0,3.5,2474.0,0.15,1986.0,1,yes,yes,6,GOOD,3.0,,53.0,4.2,68666.0,0.805,70,129.0,1,3398.0,83.0,380311.0,727248.0
55,26-02-2023,2178 Oak Ave,Denver,tx,98635,Townhouse,3.0,1.5,3222.0,0.04,2012.0,Yes,,,,,6.0,28.64,54.0,26.4,78445.0,1.821,,141.0,1,2865.0,195.0,,846897.0
364,2023/11/19,4962 Elm Ave,Seattle,WA,94538,single family,4.0,2.0,1150.0,0.05,1983.0,Y,YES,yes,,,5.0,38.01,,19.8,125550.0,,64,94.0,Yes,197.0,12.0,,502114.0
51,2023-03-10,7457 Pine Dr,SEATTLE,Wa,57124,Condo,3.0,4.0,1592.0,,1978.0,0,0,True,452,Fair ,10.0,27.26,61.0,,85874.0,1.429,,37.0,yes,1744.0,89.0,545578.0,648157.0
175,2023-11-13,1037 Maple Blvd,Seattle,TX,62665,Townhouse,,3.0,2646.0,0.06,2010.0,False,no,Yes,659,GOOD,6.0,0.0,94.0,10.5,,0.803,476,169.0,Yes,2457.0,182.0,,637520.0
190,,6358 Maple Ave,Denver ,OR,36728,Townhouse ,3.0,1.5,1517.0,0.12,1973.0,Yes,YES,yes,807,Poor,,30.39,51.0,,20000.0,2.022,308,,,,11.0,,489293.0
179,08/13/2023,6269 Elm Ave,Austin,WA,72111,Single Family,3.0,4.0,2549.0,0.11,1972.0,N,,,1373,,7.0,42.86,15.0,,,0.782,115,147.0,no,824.0,46.0,368655.0,722069.0
188,05/01/2023,8841 Oak St,Denver,OR,43099,CONDO,3.0,,2685.0,0.14,,True,YES,,593,Excellent,4.0,44.67,65.0,7.4,,1.731,,100.0,yes,79.0,55.0,483434.0,
170,,7999 Main Blvd,Austin,co,93963,Single Family,4.0,2.5,1778.0,0.52,1976.0,no,,True,908,GOOD,,30.43,,15.7,103701.0,0.886,117,85.0,No,2084.0,178.0,200315.0,519803.0
59,,2977 Main St,Denver,TX,55443,single family,2.0,1.0,2128.0,0.3,1959.0,0,Y,Yes,1160,Fair,2.0,23.16,,9.4,,1.395,,12.0,no,1516.0,9.0,512105.0,595944.0
49,29-03-2022,4137 Main St,Boston,CO,93086,Townhouse ,2.0,3.0,1581.0,1.05,1963.0,Y,0,No,664,Excellent,7.0,59.14,31.0,13.2,,1.944,,78.0,No,,107.0,,633182.0
345,10/09/2023,4776 Main Ave,Austin,WA,,Townhouse ,4.0,3.0,2037.0,0.58,1986.0,yes,no,YES,217,excellent,1.0,23.65,100.0,18.2,,,405,59.0,no,787.0,108.0,358644.0,780805.0
236,,152 Maple Blvd, Portland,tx,71112,Condo,3.0,2.0,,0.28,,False,Y,1,,Poor,4.0,22.94,48.0,17.6,,,,58.0,yes,1500.0,66.0,645994.0,409370.0
253,10/29/2023,9524 Maple Dr, Portland,Wa,62620,Single Family,3.0,2.5,2637.0,0.15,2023.0,,True,yes,,Fair,3.0,25.1,5.0,1.2,64145.0,0.478,,81.0,0,2531.0,69.0,,717151.0
22,2022-01-26,5474 Pine Ave,Seattle,co,49608,Condo,5.0,,3039.0,0.08,2019.0,,,yes,1341,,5.0,44.88,30.0,2.2,,1.663,500,16.0,No,3775.0,,,50000.0
314,10/07/2023,823 Elm Blvd, Portland,CO,10833-9020,Multi-Family,5.0,3.0,1680.0,0.29,1971.0,No,False,True,,excellent,3.0,,,19.7,,1.052,,116.0,No,,185.0,,713471.0
161,2022-05-29,9266 Main Dr,austin,OR,93958-2120,CONDO,3.0,3.5,3198.0,0.33,1955.0,Yes,False,no,955,Poor,6.0,28.59,0.0,3.7,,,,75.0,0,2998.0,,,871649.0
277,2023/08/30,8401 Maple Ave,SEATTLE,MA,41558,single family,2.0,1.0,1947.0,0.46,1900.0,No,Y,True,740,Good,6.0,18.43,63.0,11.1,87237.0,1.15,116,11.0,no,3831.0,103.0,100000.0,593401.0
192,2023-11-15,4802 Maple St,Boston,co,44786,Condo,1.0,4.5,1549.0,0.19,1800.0,,N,Y,,Fair ,7.0,32.36,,15.9,94886.0,1.669,275,137.0,No,4809.0,134.0,427153.0,378603.0
386,,8228 Main Ave,Seattle,CO,36448,Townhouse ,4.0,1.0,2217.0,0.21,2011.0,,True,,,,1.0,38.3,67.0,6.7,126740.0,1.085,,164.0,0,2579.0,154.0,,755536.0
294,01-10-2022,3972 Oak St, Portland,tx,32523,Townhouse ,0.0,3.0,1205.0,0.38,1971.0,no,YES,No,,excellent,10.0,35.8,10.0,0.3,46306.0,1.389,435,,,4076.0,134.0,622617.0,
344,2022/04/10,2043 Oak Blvd,Portland,Wa,82049,CONDO,4.0,1.5,,0.52,2004.0,True,yes,1,,,3.0,,10.0,9.6,111707.0,,,33.0,1,926.0,66.0,306148.0,294460.0
258,31-12-2023,5130 Elm Dr, Portland,WA,76155,Multi-Family,4.0,2.0,,0.07,2017.0,yes,No,False,,Poor,3.0,18.02,25.0,9.2,154330.0,0.599,,134.0,no,1165.0,76.0,,420299.0
309,2022-07-07,1391 Oak St,Boston,MA,82116,Condo,3.0,3.0,2598.0,0.39,1961.0,YES,,Yes,,Good,10.0,18.66,,15.4,58921.0,,,144.0,No,,166.0,205132.0,641923.0
150,2022/05/06,6911 Main Ave,Denver ,tx,32447,CONDO,3.0,4.0,852.0,0.33,2016.0,Y,Yes,1,,Excellent,9.0,,98.0,14.8,,1.081,328,,0,4308.0,107.0,606356.0,465795.0
131,,9525 Main Blvd,Denver,TX,70429,Townhouse,2.0,1.0,2023.0,0.12,1973.0,True,,yes,647,excellent,6.0,25.4,1.0,3.0,76129.0,1.092,,42.0,No,1593.0,143.0,387079.0,589129.0
152,,9628 Pine Ave,austin,MA,85073,Townhouse ,3.0,3.5,1165.0,0.02,2004.0,1,no,1,,,9.0,15.99,63.0,23.1,105294.0,0.925,374,42.0,No,3799.0,180.0,737865.0,603291.0
360,,9911 Main Blvd,austin,co,27412,Condo,3.0,,3057.0,0.29,1998.0,yes,YES,yes,1140,,4.0,55.3,,,106352.0,1.258,,41.0,1,1462.0,131.0,403585.0,780436.0
100,,7097 Main Ave,Denver,Wa,96184, Condo,5.0,4.0,3780.0,0.17,1977.0,0,,YES,,,7.0,,2.0,15.7,58125.0,1.453,,57.0,yes,,176.0,545883.0,1066744.0
373,01-04-2023,2755 Oak St,Denver,OR,32052,Townhouse,,1.5,1458.0,0.6,2005.0,No,0,N,,GOOD,9.0,0.0,95.0,8.8,115560.0,1.313,195,12.0,,2832.0,122.0,435462.0,333658.0
88,2023/12/15,2293 Maple Dr,Portland,WA,81267,Multi-Family,,1.0,,0.06,1990.0,No,yes,N,519,,6.0,28.06,26.0,1.3,51665.0,0.756,,143.0,yes,3311.0,168.0,,340181.0
331,,6097 Main Blvd, Portland,co,44722,Townhouse,3.0,2.0,2754.0,0.37,,True,0,,481,,9.0,0.77,,6.3,91149.0,1.274,354,170.0,no,4950.0,64.0,328142.0,621219.0
215,2022-11-28,5803 Pine Dr,Seattle,TX,,Multi-Family,2.0,2.5,1437.0,0.42,1958.0,YES,No,Yes,149,GOOD,1.0,3.31,48.0,10.8,64185.0,1.405,,126.0,yes,1377.0,135.0,447620.0,512996.0
122,2022-08-07,2941 Maple St,Seattle,MA,64415,CONDO,3.0,,839.0,1.76,,1,No,Yes,,Good,10.0,18.9,98.0,1.6,,,,116.0,No,358.0,183.0,324691.0,394151.0
237,,8669 Elm Ave,Austin,Wa,84542,Townhouse ,4.0,3.0,2260.0,0.03,,No,0,False,973,GOOD,7.0,0.97,13.0,7.9,20000.0,,,86.0,Yes,2982.0,119.0,421500.0,857326.0
21,,2340 Main St,Boston,co,,Townhouse,3.0,3.5,1143.0,0.39,2050.0,,Y,,,Good,,34.26,50.0,19.7,81788.0,1.539,7,32.0,0,2197.0,163.0,426224.0,424101.0
189,,8702 Maple Blvd,Portland,MA,82371,Multi-Family,,1.0,2564.0,0.01,1956.0,no,no,0,,GOOD,6.0,57.48,33.0,21.6,128978.0,1.498,,15.0,Yes,1846.0,71.0,,632074.0
72,16-01-2023,7698 Main Dr,Austin,WA,35499,Townhouse ,3.0,3.5,1621.0,0.16,1973.0,1,Y,False,641,Excellent,4.0,61.51,62.0,14.6,68908.0,,,110.0,no,359.0,187.0,309402.0,
107,,9052 Oak Dr,SEATTLE,tx,33445,Multi-Family,2.0,2.0,4039.0,0.62,2017.0,,,0,327,Fair ,,19.56,19.0,3.5,,0.851,,79.0,,2415.0,30.0,519048.0,881821.0
271,2022-08-18,9334 Pine St,Austin,co,94513,Townhouse ,4.0,4.5,2367.0,0.08,1986.0,yes,N,YES,753,Fair ,3.0,17.63,29.0,16.7,,1.295,,104.0,no,3755.0,99.0,605456.0,662599.0
349,,7755 Main Dr, Portland,CO,63836,Townhouse,4.0,1.5,2734.0,0.24,2007.0,No,No,1,1496,,5.0,45.95,9.0,13.3,97533.0,1.45,,36.0,Yes,2966.0,188.0,228360.0,814683.0
103,28-08-2022,2655 Main St,Austin,OR,29356,single family,,1.5,1178.0,0.74,2019.0,YES,0,1,289,Excellent,9.0,31.7,89.0,8.3,,1.168,,100.0,0,3000.0,4.0,,339463.0
