,PropertyID,Address,City,State,PropertyType,Bedrooms,Bathrooms,SquareFeet,LotSize,Garage,Pool,Fireplace,BasementSqFt,Condition,SchoolRating,CrimeRate,WalkScore,DistanceToCity,NeighborhoodIncome,PropertyTaxRate,HOAFees,SalePrice
0,56,elmdr,Austin,Wa,Singlefamily,5.0,4.0,1269.4,0.25,0.0,0.0,1.0,704.7962962962963,1.0,2.2708515258960777,21.27,1.0,17.8,94361.0,1.747,230.0,504884.0
1,141,oakave,Seattle,tx,Condo,2.0,2.0,1164.0,0.45,1.0,0.0,1.0,824.0123456790124,4.0,3.0,42.41,15.0,11.0,66828.0,0.362,423.0,453859.0
2,176,mainblvd,Portland,co,Multi-Family,2.0,1.0,2243.0,0.17,0.0,1.0,1.0,650.1,1.0,8.0,25.97,73.0,5.8,46819.0,1.142,300.0,539674.0
3,57,mainst,Denver,co,Townhouse,4.0,2.0,3046.0,0.15,0.0,1.0,1.0,1228.0,5.0,1.0,0.0,66.0,17.1,6.2,1.28,401.0,287015.18666441995
4,342,mainblvd,Portland,co,Multi-Family,0.0,2.0,1931.0,0.05,0.0,1.0,0.0,839.0,4.0,2.6171653713500764,13.16,8.3,8.3,94534.0,2.4,300.0,492709.0
5,297,oakst,Denver,CO,Condo,3.0,2.0,1447.7,0.15,0.0,1.0,1.0,1127.0,4.0,8.0,4.84,77.0,2.8,82425.0,1.26,250.0,397018.0
6,378,oakave,Portland,MA,Multi-Family,1.0,4.0,628.0,0.43,0.0,0.0,1.0,1154.0,1.0,8.0,21.35,34.0,7.6,132124.0,1.85,300.0,281476.0
7,96,oakblvd,Austin,CO,Townhouse,3.0,1.0,1269.4,0.33,0.0,0.0,1.0,703.4025974025974,4.0,1.326932531599117,6.426283888093325,24.0,0.2,56255.0,1.21,290.0,2000000.0
8,177,pineblvd,Denver,tx,Singlefamily,1.0,4.0,2679.0,0.29,1.0,1.0,1.0,704.7962962962963,1.0,6.0,10.5,63.0,13.3,7.1,1.175,434.0,568975.0
9,328,maplest,Portland,WA,Condo,15.0,3.0,2997.0,0.03,0.0,1.0,1.0,643.0,4.0,7.0,32.5,20.7,20.7,77278.0,1.497,250.0,1300537.0
10,397,elmave,Seattle,OR,Townhouse,4.0,1.0,3210.0,0.32,0.0,1.0,0.0,703.4025974025974,1.0,1.0,12.31,28.0,25.3,6.7,1.113,290.0,918837.0
11,138,pinedr,Austin,OR,Singlefamily,3.0,4.0,2115.0,0.62,0.0,1.0,1.0,635.0,1.0,7.0,7.768290955661655,29.5,8.6,101509.0,1.461,90.0,785373.0
12,311,mainave,Seattle,TX,Townhouse,4.0,4.0,2756.0,0.15,0.0,1.0,1.0,703.4025974025974,1.0,7.0,3.177773158266117,7.0,9.5,88643.0,1.51,104.0,828856.0
13,94,oakblvd,Seattle,OR,Condo,2.0,1.0,1701.0,0.54,0.0,1.0,1.0,268.0,4.0,1.326932531599117,18.73,60.0,10.1,85427.0,0.984,69.0,570817.0
14,78,oakst,Seattle,OR,Condo,2.0,4.0,3407.0,0.63,0.0,1.0,1.0,1198.0,1.0,3.0,31.03,13.0,18.3,59699.0,1.092,196.0,775506.0
15,387,pineblvd,Denver,OR,Condo,2.0,3.0,2163.0,0.08,0.0,1.0,1.0,824.0123456790124,1.0,7.0,18.64,57.0,12.0,48195.0,6.5,197.0,722148.0
16,91,mapleblvd,Portland,MA,Condo,3.0,2.0,3127.0,0.26785714285714285,0.0,1.0,1.0,824.0123456790124,1.0,8.0,15.14,73.0,2.5,24906.0,1.906,143.0,753745.0
17,302,elmave,Austin,CO,Condo,2.0,1.0,500.0,0.16,0.0,1.0,1.0,824.0123456790124,5.0,9.0,31.55,10.6,13.2,112073.0,0.772,263.0,429417.0
18,174,oakave,Portland,TX,Townhouse,5.0,1.0,1370.0,0.29559633027522936,0.0,1.0,1.0,206.0,5.0,1.0,44.7,11.0,18.7,89240.0,1.19,492.0,766716.0
19,146,pinedr,Boston,TX,Townhouse,3.0,2.0,2421.0,0.18,0.0,0.0,1.0,703.4025974025974,1.0,8.0,15.24,23.0,8.5,5.3,1.548,290.0,752804.0
20,368,elmblvd,Austin,WA,Townhouse,2.0,4.0,2839.0,0.07,0.0,1.0,1.0,1039.0,3.0,1.0,34.44,56.0,3.6,3.3,0.947,290.0,791477.0
21,10,oakdr,Denver,Wa,Condo,3.0,2.0,2836.0,0.25,0.0,1.0,1.0,1033.0,1.0,3.0,24.46,31.0,22.5,20000.0,1.529,250.0,751479.0
22,73,mainst,Portland,OR,Condo,4.0,3.0,2269.0,0.26,1.0,1.0,0.0,824.0123456790124,4.0,2.2174434837338417,22.66,2.0,9.0,6.2,0.962,19.0,787416.0
23,322,mainave,Seattle,tx,Singlefamily,1.0,2.0,3198.0,0.3095180722891566,1.0,1.0,1.0,834.0,4.0,10.0,37.17,35.0,0.8,99563.0,4.3,356.0,589896.0
24,74,pineblvd,Denver,CO,Singlefamily,2.0,4.0,1945.0,0.3095180722891566,1.0,1.0,0.0,704.7962962962963,1.0,6.0,20.21,18.4,12.3,137262.0,1.548,230.0,687847.0
25,210,mapledr,Portland,CO,Condo,10.0,4.0,1716.0,0.09,1.0,1.0,1.0,824.0123456790124,4.0,5.0,36.91,36.0,22.0,83806.0,0.657,250.0,994714.0
26,226,oakst,Denver,TX,Condo,4.0,2.0,2308.0,0.04,0.0,0.0,1.0,669.0,3.0,9.0,8.921234545869948,4.0,19.5,61061.0,1.28,250.0,768863.0
27,83,pineblvd,Denver,MA,Singlefamily,4.0,2.0,3075.0,0.27,1.0,1.0,1.0,397.0,5.0,9.0,16.18,8.0,8.9,7.1,0.967,182.0,675591.0
28,154,pinest,Denver,MA,Singlefamily,2.0,1.0,4062.0,0.43,0.0,1.0,1.0,563.0,2.0,10.0,35.88,51.0,14.8,100602.0,1.504,230.0,917636.0
29,219,mapleblvd,Portland,MA,Singlefamily,3.0,4.0,1932.0,0.06,1.0,0.0,0.0,704.7962962962963,2.0,8.0,2.608494463568526,34.0,12.4,97827.0,1.12,230.0,546744.0
30,249,pinedr,Austin,MA,Townhouse,3.0,2.0,3313.0,0.52,1.0,1.0,1.0,366.0,4.0,2.0,21.25,68.0,4.6,5.3,4.4,290.0,973801.0
31,31,mapleave,Denver,TX,Townhouse,3.0,1.0,1627.0,0.29,1.0,1.0,1.0,703.4025974025974,2.0,10.0,35.19,76.0,29.1,130302.0,1.745,149.0,660351.0
32,343,mapleave,Seattle,Wa,Townhouse,5.0,3.0,1237.0,0.16,1.0,1.0,1.0,275.0,5.0,1.0,24.31,46.0,3.9,135858.0,1.583,414.0,517058.0
33,71,mapleblvd,Boston,OR,Townhouse,4.0,3.0,1231.0,0.23,0.0,1.0,1.0,974.0,3.0,3.0,22.77,12.0,6.7,56940.0,1.504,467.0,646381.0
34,133,mapleblvd,Austin,CO,Condo,4.0,3.0,1269.4,0.01,1.0,1.0,0.0,900.0,3.0,6.0,150.0,14.0,12.9,86797.0,1.473,253.0,353642.0
35,34,oakblvd,Seattle,tx,Townhouse,3.0,4.0,2956.0,0.1,1.0,1.0,0.0,179.0,3.0,2.0,44.0,20.0,27.0,105973.0,0.592,260.0,894752.0
36,247,oakblvd,Seattle,MA,Singlefamily,2.0,4.0,2033.0,0.1,1.0,1.0,1.0,1075.0,1.0,1.0,6.426283888093325,26.0,6.1,20000.0,1.493,332.0,673386.0
37,288,elmst,Seattle,TX,Condo,4.0,4.0,500.0,0.05,0.0,1.0,1.0,1215.0,5.0,8.0,46.19,72.0,14.0,109204.0,1.832,250.0,393792.0
38,103,mainst,Austin,OR,Singlefamily,1.0,2.0,1178.0,0.74,1.0,1.0,1.0,289.0,5.0,9.0,31.7,89.0,8.3,6.2,1.168,230.0,339463.0
39,224,maindr,Boston,co,Townhouse,2.0,2.0,2994.0,0.06,0.0,0.0,1.0,703.4025974025974,3.0,10.0,37.61,34.0,14.4,67832.0,1.053,379.0,575307.0
40,363,oakdr,Portland,WA,Condo,2.0,4.0,1795.0,0.34,0.0,1.0,1.0,734.0,1.0,3.0,33.37,15.0,8.7,75041.0,0.689,478.0,655462.0
41,16,oakdr,Seattle,OR,Condo,2.0,3.0,1672.0,0.1,0.0,1.0,1.0,660.0,5.0,2.28677304256107,25.06,2.0,8.5,84046.0,1.186,250.0,542225.0
42,117,maplest,Seattle,CO,Condo,3.0,1.0,2066.0,0.12,0.0,0.0,1.0,824.0123456790124,1.0,3.0,27.2,82.0,4.5,89848.0,3.7,250.0,641842.0
43,1,oakave,Denver,WA,Townhouse,2.0,1.0,2597.0,0.4,1.0,1.0,1.0,13.0,4.0,6.0,22.93,13.0,11.0,3.2,1.312,413.0,543079.0
44,20,oakst,Seattle,OR,Condo,3.0,3.0,3035.0,0.24,1.0,1.0,1.0,989.0,4.0,10.0,32.9,19.3,2.9,80539.0,3.2,398.0,706293.0
45,266,pineave,Austin,WA,Townhouse,4.0,4.0,2369.0,0.2,0.0,1.0,1.0,703.4025974025974,1.0,2.0,22.55,43.0,4.0,54744.0,1.142,290.0,691956.0
46,366,oakdr,Austin,CO,Townhouse,4.0,2.0,4649.0,0.15,1.0,0.0,1.0,846.0,2.0,7.0,28.62,60.0,0.8,86589.0,1.118,406.0,1223191.0
47,127,oakdr,Denver,OR,Townhouse,3.0,1.0,2357.0,0.48,1.0,1.0,1.0,995.0,1.0,8.0,35.64,39.0,1.8,73507.0,1.35,394.0,642958.0
48,273,mainst,Seattle,WA,Singlefamily,2.0,2.0,1542.0,0.0,0.0,1.0,1.0,704.7962962962963,1.0,3.0,41.82,52.0,5.0,75461.0,1.582,353.0,448670.0
49,375,elmdr,Austin,CO,Multi-Family,1.0,2.0,2932.0,0.02,1.0,1.0,0.0,472.0,1.0,6.0,16.76,28.0,0.5,4.6,4.7,300.0,730157.0
50,77,maindr,Denver,tx,Singlefamily,3.0,1.0,1867.0,0.29,1.0,1.0,1.0,456.0,3.0,10.0,39.49,57.0,34.0,60378.0,1.362,230.0,564689.0
51,352,elmave,Portland,co,Condo,0.0,2.0,1226.0,0.38,0.0,1.0,1.0,834.0,3.0,4.0,12.29,12.0,4.8,42311.0,0.886,184.0,271454.0
52,95,mapleblvd,Seattle,MA,Townhouse,3.0,4.0,1417.0,0.1,0.0,1.0,1.0,703.4025974025974,4.0,7.0,55.08,21.0,15.7,60925.0,1.411,355.0,692192.0
53,26,mainblvd,Denver,Wa,Multi-Family,2.0,4.0,1926.0,0.11,0.0,1.0,1.0,523.0,3.0,2.6171653713500764,28.21,90.0,0.0,80195.0,1.354,300.0,601198.0
54,375,elmdr,Austin,CO,Multi-Family,1.0,2.0,2932.0,0.02,1.0,1.0,0.0,472.0,1.0,6.0,16.76,28.0,0.5,4.6,4.7,300.0,730157.0
55,290,mainave,Seattle,WA,Singlefamily,4.0,2.0,1328.0,0.95,1.0,0.0,1.0,704.7962962962963,1.0,4.0,22.66,69.0,2.9,3.5,2.009,74.0,583996.0
56,275,mainave,Austin,TX,Townhouse,2.0,4.0,2354.0,0.17,1.0,0.0,1.0,1001.0,3.0,2.0,21.61,14.0,9.3,3.5,1.993,290.0,287015.18666441995
57,204,elmave,Austin,MA,Condo,2.0,2.0,3158.0,0.27,0.0,1.0,1.0,658.0,1.0,2.16289596891366,0.0,71.0,6.1,41411.0,1.256,38.0,2000000.0
58,115,pinedr,Austin,Wa,Townhouse,2.0,2.0,3035.0,0.29559633027522936,1.0,1.0,1.0,278.0,4.0,10.0,0.41,54.0,13.7,82200.0,1.322,290.0,788984.0
59,51,pinedr,Seattle,Wa,Condo,3.0,4.0,1592.0,0.26785714285714285,0.0,1.0,1.0,452.0,4.0,10.0,27.26,61.0,29.5,85874.0,1.429,250.0,648157.0
60,43,mainave,Seattle,TX,Singlefamily,2.0,2.0,400.0,0.3,0.0,1.0,1.0,704.7962962962963,3.0,1.8788009579531164,150.0,28.0,4.3,61596.0,1.682,230.0,264267.0
61,393,pineblvd,Denver,CO,Townhouse,2.0,4.0,500.0,0.08,1.0,1.0,1.0,1479.0,5.0,9.0,0.0,18.4,26.6,63831.0,1.53,290.0,344215.0
62,80,oakblvd,Austin,Wa,Singlefamily,1.0,4.0,1353.0,0.72,0.0,0.0,0.0,602.0,3.0,3.0,17.31,16.0,4.2,119881.0,1.462,2.0,425347.0
63,40,pineave,Portland,TX,Multi-Family,1.0,4.0,1123.9,0.63,1.0,1.0,1.0,650.1,5.0,1.0,15.799577354757632,68.0,15.0,50130.0,2.7,213.0,248829.0
64,357,mainave,Seattle,CO,Multi-Family,5.0,4.0,2276.0,0.12,1.0,1.0,1.0,650.1,3.0,4.0,21.05,96.0,15.4,66232.0,4.3,130.0,842970.0
65,325,oakblvd,Seattle,MA,Singlefamily,4.0,2.0,1384.0,1.13,0.0,1.0,1.0,47.0,1.0,2.0,12.03,82.0,8.9,84496.0,1.276,370.0,479162.0
66,262,maplest,Seattle,Wa,Townhouse,5.0,4.0,3393.0,0.29559633027522936,0.0,1.0,0.0,364.0,3.0,2.0,22.04,33.0,8.8,69152.0,1.654,290.0,723718.0
67,371,oakave,Portland,MA,Singlefamily,1.0,4.0,2150.0,0.3095180722891566,0.0,1.0,1.0,641.0,4.0,2.0,32.19,80.0,5.1,106556.0,0.794,230.0,491978.0
68,23,oakst,Portland,OR,Townhouse,4.0,3.0,2970.0,0.32,1.0,1.0,1.0,703.4025974025974,4.0,2.0,31.19,13.0,3.1,79375.0,0.652,465.0,915793.0
69,47,elmst,Austin,Wa,Singlefamily,3.0,2.0,3380.0,0.17,0.0,1.0,1.0,940.0,2.0,2.0,20.47,11.0,10.0,54529.0,1.181,359.0,918669.0
70,230,pineblvd,Austin,Wa,Condo,3.0,2.0,3080.0,0.14,1.0,1.0,0.0,824.0123456790124,3.0,2.0,16.97,18.4,9.3,84959.0,1.276,250.0,868756.0
71,119,mainave,Seattle,CO,Condo,2.0,4.0,1953.0,0.26785714285714285,1.0,1.0,1.0,824.0123456790124,2.0,3.0,28.29,55.0,14.3,76438.0,1.684,52.0,18551.830073782476
72,85,pinest,Portland,CO,Townhouse,4.0,4.0,1981.0,0.21,0.0,1.0,1.0,931.0,5.0,6.0,37.07,35.0,8.7,107413.0,0.462,290.0,738483.0
73,79,pineblvd,Portland,OR,Condo,2.0,4.0,2501.0,0.08,0.0,1.0,1.0,1070.0,4.0,3.3724289466936774,39.46,20.0,17.8,116577.0,6.5,250.0,697627.0
74,58,pinedr,Austin,CO,Condo,2.0,1.0,1810.0,0.29,0.0,1.0,1.0,312.0,5.0,2.293573758413191,45.02,29.5,3.6,73333.0,1.354,329.0,306104.0
75,111,maindr,Portland,tx,Singlefamily,3.0,1.0,1743.0,0.36,0.0,1.0,1.0,293.0,3.0,9.0,30.15,58.0,7.0,53843.0,4.8,230.0,800040.0
76,25,mainblvd,Boston,tx,Condo,2.0,2.0,1343.0,0.85,0.0,0.0,1.0,824.0123456790124,5.0,5.0,32.24,18.0,9.0,97210.0,2.4,15.0,585095.0
77,18,elmdr,Portland,co,Townhouse,3.0,3.0,1805.0,0.06,1.0,1.0,1.0,703.4025974025974,1.0,7.0,38.85,89.0,10.8,59895.0,0.58,290.0,535765.0
78,235,mainst,Austin,TX,Townhouse,2.0,1.0,2980.0,0.29559633027522936,0.0,1.0,1.0,648.0,4.0,10.0,32.52,22.4,15.2,155626.0,0.476,290.0,864924.0
79,338,oakst,Portland,OR,Condo,2.0,1.0,1123.9,0.05,1.0,1.0,1.0,824.0123456790124,1.0,1.0,14.36,90.0,19.3,68489.0,1.077,245.0,494137.0
80,32,maindr,Austin,MA,Condo,4.0,2.0,2212.0,0.12,0.0,1.0,0.0,824.0123456790124,1.0,3.7223647662845423,31.63,40.0,4.7,100573.0,0.883,129.0,722621.0
81,285,elmdr,Seattle,CO,Condo,5.0,3.0,1208.0,0.0,1.0,1.0,1.0,1000.0,5.0,2.0,2.99,20.0,17.9,34456.0,1.468,164.0,685357.0
82,166,oakst,Seattle,MA,Condo,3.0,4.0,3024.0,0.32,0.0,1.0,1.0,824.0123456790124,1.0,10.0,26.63,87.0,5.9,86221.0,1.691,250.0,937405.0
83,250,oakave,Denver,tx,Townhouse,3.0,3.0,2823.0,0.35,0.0,0.0,1.0,703.4025974025974,4.0,2.2161380050367865,8.64,11.0,6.7,41828.0,1.114,290.0,835822.0
84,365,oakave,Denver,MA,Townhouse,4.0,1.0,3789.0,0.54,0.0,1.0,1.0,148.0,1.0,6.0,10.001621245599653,71.0,14.2,114926.0,3.8,290.0,889929.0
85,194,maplest,Denver,TX,Townhouse,2.0,3.0,3060.0,0.21,1.0,0.0,1.0,114.0,4.0,9.0,13.407446244760893,61.0,4.1,97600.0,1.352,290.0,812854.0
86,153,pineblvd,Seattle,Wa,Singlefamily,2.0,1.0,1940.0,0.3095180722891566,0.0,1.0,1.0,704.7962962962963,3.0,3.3724289466936774,18.19,57.0,9.8,40297.0,0.587,310.0,445074.0
87,6,oakst,Seattle,OR,Singlefamily,3.0,2.0,933.0,0.09,0.0,1.0,1.0,1153.0,3.0,9.0,18.09,31.0,18.5,3.1,0.495,313.0,459143.0
88,46,elmst,Denver,tx,Singlefamily,3.0,4.0,2898.0,0.03,0.0,1.0,1.0,1000.0,1.0,6.0,3.28,69.0,1.3,53446.0,1.115,38.0,809572.0
89,105,oakdr,Denver,CO,Condo,4.0,4.0,1817.0,0.12,0.0,1.0,1.0,824.0123456790124,5.0,10.0,21.08,45.0,15.0,87377.0,4.8,240.0,620503.0
90,313,mapleave,Seattle,tx,Multi-Family,3.0,4.0,1779.0,0.24,1.0,1.0,1.0,148.0,1.0,3.0,10.05,4.0,7.8,41485.0,0.795,329.0,681638.0
91,125,maindr,Portland,TX,Condo,3.0,2.0,2481.0,0.26785714285714285,1.0,1.0,0.0,931.0,4.0,7.0,26.11,90.0,8.2,103515.0,4.8,170.0,719836.0
92,384,pineave,Denver,CO,Townhouse,10.0,4.0,2144.0,0.19,0.0,1.0,1.0,703.4025974025974,1.0,4.0,38.35,71.0,5.1,88730.0,0.3,290.0,981621.0
93,114,maindr,Seattle,co,Townhouse,3.0,4.0,1351.0,0.02,0.0,1.0,1.0,798.0,1.0,6.0,24.75,55.0,19.5,150807.0,0.988,313.0,50000.0
94,298,mainblvd,Denver,OR,Townhouse,4.0,4.0,3153.0,0.09,1.0,1.0,1.0,703.4025974025974,5.0,3.0,16.12,6.0,5.8,101777.0,0.716,39.0,874091.0
95,4,oakdr,Portland,CO,Multi-Family,4.0,4.0,1787.0,0.06,0.0,1.0,1.0,120.0,5.0,2.0,15.99,69.0,7.7,56948.0,1.941,300.0,583433.0
96,19,maindr,Seattle,co,Townhouse,2.0,3.0,2578.0,0.35,1.0,1.0,0.0,999.0,5.0,4.0,34.31,95.0,34.0,63352.0,0.846,51.0,631189.0
97,197,pineblvd,Austin,WA,Singlefamily,4.0,1.0,1572.0,0.95,1.0,1.0,1.0,704.7962962962963,1.0,8.0,34.72,18.4,1.6,41810.0,1.018,230.0,570425.0
98,61,mainst,Portland,Wa,Condo,3.0,1.0,1241.0,0.21,0.0,1.0,1.0,478.0,2.0,2.2174434837338417,23.47,22.4,10.3,90437.0,6.4,250.0,486520.0
99,193,oakst,Austin,co,Condo,4.0,4.0,1269.4,0.51,1.0,0.0,1.0,824.0123456790124,3.0,2.0,15.23,19.3,10.2,3.1,1.398,250.0,584032.0
100,142,elmave,Seattle,CO,Multi-Family,5.0,1.0,3186.0,0.09,0.0,1.0,1.0,650.1,1.0,2.16289596891366,47.51,77.0,16.8,64540.0,1.06,23.0,902169.0
101,64,maplest,Austin,CO,Condo,2.0,1.0,3419.0,0.08,1.0,1.0,1.0,824.0123456790124,4.0,9.0,0.0,84.0,3.9,5.1,0.941,250.0,947821.0
102,263,maindr,Portland,OR,Multi-Family,15.0,2.0,2724.0,0.01,0.0,0.0,1.0,539.0,3.0,4.0,27.92,17.0,25.7,67757.0,1.581,296.0,1325803.0
103,327,mainst,Seattle,Wa,Multi-Family,0.0,1.0,2435.0,0.4,1.0,1.0,1.0,362.0,1.0,10.0,21.48,6.0,4.4,48884.0,1.882,300.0,694448.0
104,196,pineblvd,Denver,CO,Townhouse,2.0,4.0,500.0,0.4,1.0,0.0,1.0,178.0,1.0,5.0,7.06,11.0,18.4,110898.0,0.956,500.0,276175.0
105,178,mapleave,Portland,OR,Condo,3.0,1.0,1906.0,0.03,0.0,1.0,1.0,399.0,1.0,3.0,14.4,6.0,6.9,80112.0,1.264,250.0,636143.0
106,81,mainave,Seattle,Wa,Multi-Family,3.0,4.0,1299.0,0.27875,0.0,1.0,1.0,650.1,5.0,6.0,21.96,9.3,10.4,128464.0,4.3,394.0,580219.0
107,391,mapleave,Portland,Wa,Singlefamily,2.0,2.0,2900.0,1.38,0.0,1.0,1.0,1333.0,4.0,5.0,47.09,11.1,1.3,36618.0,1.157,224.0,671052.0
108,254,elmst,Denver,OR,Multi-Family,3.0,2.0,2125.0,0.66,0.0,1.0,0.0,978.0,3.0,1.0,28.43,12.0,19.4,86089.0,1.157,300.0,99585.52154337184
109,156,elmdr,Austin,TX,Townhouse,2.0,4.0,2976.0,0.23,0.0,1.0,1.0,703.4025974025974,1.0,5.0,15.74,92.0,17.3,27884.0,0.804,490.0,567801.0
110,356,elmdr,Denver,co,Condo,2.0,1.0,2807.0,0.06,0.0,1.0,1.0,824.0123456790124,1.0,2.2708515258960777,28.91,91.0,5.7,44743.0,0.415,250.0,595865.0
111,239,maindr,Denver,tx,Townhouse,5.0,2.0,2170.0,0.05,0.0,1.0,1.0,703.4025974025974,3.0,10.0,21.7,34.0,6.5,88561.0,0.704,290.0,703953.0
112,109,pinedr,Portland,OR,Condo,4.0,4.0,2987.0,0.87,0.0,1.0,1.0,1248.0,5.0,1.0,21.79,94.0,28.5,55083.0,1.667,250.0,977738.0
113,102,maindr,Denver,WA,Townhouse,2.0,2.0,3229.0,0.57,0.0,1.0,1.0,1073.0,3.0,7.0,40.93,34.0,9.4,25171.0,1.372,290.0,806076.0
114,195,oakst,Boston,OR,Singlefamily,4.0,1.0,1317.5,0.0,1.0,0.0,1.0,265.0,3.0,9.0,6.64,19.3,16.6,47198.0,1.715,148.0,420853.0
115,30,mapleave,Denver,MA,Multi-Family,4.0,4.0,1772.0,0.23,1.0,1.0,1.0,760.0,3.0,9.0,35.29,34.0,2.9,60842.0,1.636,300.0,2000000.0
116,319,oakdr,Denver,OR,Multi-Family,2.0,1.0,2226.0,0.06,0.0,0.0,1.0,324.0,4.0,3.0,13.62,27.0,15.0,56599.0,0.943,300.0,545239.0
117,388,mapledr,Denver,co,Condo,4.0,4.0,1810.0,0.15,0.0,1.0,1.0,643.0,1.0,9.0,16.97,44.0,12.9,53071.0,1.503,250.0,819388.0
118,269,pinest,Seattle,TX,Multi-Family,1.0,2.0,1988.0,0.08,0.0,1.0,1.0,583.0,5.0,1.571361566030542,0.0,11.0,10.6,75694.0,3.4,240.0,594449.0
119,115,pinedr,Austin,Wa,Townhouse,2.0,2.0,3035.0,0.29559633027522936,1.0,1.0,1.0,278.0,4.0,10.0,0.41,54.0,13.7,82200.0,1.322,290.0,788984.0
120,238,elmdr,Portland,MA,Townhouse,6.0,2.0,2688.0,0.21,0.0,1.0,1.0,1428.0,2.0,10.0,15.66,6.0,11.6,52725.0,0.672,234.0,854258.0
121,76,elmdr,Seattle,Wa,Condo,2.0,2.0,2008.0,0.24,0.0,1.0,1.0,824.0123456790124,4.0,2.2708515258960777,37.35,1.0,11.9,4.6,0.609,445.0,528279.0
122,354,maplest,Seattle,WA,Singlefamily,1.0,1.0,2677.0,0.1,1.0,1.0,0.0,808.0,3.0,3.0,8.62,76.0,20.7,80155.0,3.7,333.0,579944.0
123,132,elmdr,Seattle,WA,Singlefamily,2.0,4.0,1614.0,0.3095180722891566,1.0,1.0,1.0,704.7962962962963,3.0,2.0,51.97,5.0,15.1,4.6,1.429,240.0,654048.0
124,17,mainave,Austin,Wa,Townhouse,4.0,4.0,1269.4,0.08,1.0,1.0,0.0,905.0,2.0,3.0,12.97,15.0,9.3,117156.0,1.757,159.0,406151.0
125,67,pinedr,Denver,tx,Singlefamily,3.0,1.0,1679.0,0.3095180722891566,0.0,1.0,1.0,792.0,4.0,8.0,17.69,50.0,3.4,58644.0,0.3,409.0,2000000.0
126,315,mainave,Denver,Wa,Townhouse,5.0,2.0,779.0,0.11,0.0,1.0,1.0,927.0,1.0,4.0,31.13,56.0,20.0,29547.0,1.687,395.0,497374.0
127,8,elmave,Boston,CO,Singlefamily,3.0,2.0,1701.0,0.04,0.0,1.0,1.0,818.0,1.0,1.0,29.97,10.6,17.8,60624.0,5.9,230.0,432576.2760801847
128,341,pineave,Denver,TX,Condo,5.0,4.0,400.0,0.61,0.0,1.0,1.0,824.0123456790124,5.0,1.0,25.05,49.0,14.4,141576.0,1.301,56.0,436649.0
129,149,mainst,Austin,MA,Singlefamily,3.0,4.0,2148.0,0.3095180722891566,0.0,1.0,1.0,1446.0,1.0,2.0,29.93,13.0,12.7,6.2,6.4,445.0,700644.0
130,369,oakdr,Austin,tx,Townhouse,4.0,2.0,2173.0,0.56,1.0,1.0,1.0,89.0,1.0,2.28677304256107,31.82,15.0,8.5,5.6,1.337,345.0,672647.0
131,306,elmblvd,Denver,OR,Condo,5.0,3.0,823.0,0.32,0.0,1.0,1.0,1416.0,3.0,0.9121270389735967,26.28,30.0,25.0,50086.0,1.409,250.0,685577.0
132,245,pinedr,Portland,OR,Multi-Family,5.0,1.0,2020.0,0.85,0.0,1.0,0.0,678.0,4.0,2.0,7.768290955661655,66.0,19.8,109712.0,4.4,300.0,769537.0
133,398,elmdr,Seattle,MA,Condo,3.0,2.0,1237.0,0.03,1.0,1.0,1.0,500.0,1.0,7.0,8.05,95.0,29.3,120491.0,1.441,111.0,355762.0
134,276,oakdr,Austin,WA,Multi-Family,5.0,1.0,3455.0,0.37,0.0,1.0,1.0,1450.0,4.0,10.0,12.832946753865786,0.0,15.0,112083.0,1.235,294.0,918837.0
135,110,mapleblvd,Seattle,TX,Condo,3.0,2.0,944.0,0.06,1.0,1.0,1.0,1388.0,1.0,4.520087774750159,26.11,45.0,21.0,2.5,0.945,250.0,605240.0
136,173,mapleave,Denver,TX,Townhouse,4.0,4.0,2413.0,0.47,0.0,1.0,0.0,1490.0,3.0,6.0,29.83,95.0,5.9,67909.0,0.725,0.0,733708.0
137,185,mapleblvd,Austin,Wa,Condo,4.0,1.0,3241.0,0.02,0.0,1.0,0.0,824.0123456790124,5.0,4.0,48.42,15.0,0.5,76880.0,1.235,166.0,867831.0
138,367,pinedr,Portland,CO,Multi-Family,4.0,2.0,1827.0,0.27875,0.0,1.0,1.0,650.1,1.0,5.0,22.74,70.0,3.5,5.3,1.573,300.0,700605.0
139,308,mainst,Denver,co,Condo,4.0,4.0,1447.7,0.81,0.0,1.0,1.0,824.0123456790124,4.0,9.0,33.02,52.0,22.4,65379.0,1.918,445.0,418405.0
140,84,elmave,Austin,tx,Townhouse,3.0,4.0,2016.0,0.13,1.0,1.0,1.0,703.4025974025974,3.0,1.0,34.42,74.0,7.3,125070.0,1.096,278.0,632740.0
141,267,elmst,Portland,WA,Townhouse,4.0,3.0,1953.0,0.29559633027522936,0.0,1.0,1.0,796.0,5.0,1.0,4.882110836722324,39.0,14.9,61101.0,1.112,290.0,809351.0
142,158,mainblvd,Portland,co,Townhouse,2.0,2.0,1450.0,0.09,0.0,1.0,0.0,1258.0,1.0,1.0,24.71,6.0,14.4,81717.0,1.746,290.0,427517.0
143,75,elmblvd,Boston,co,Singlefamily,3.0,1.0,1873.0,0.17,0.0,1.0,1.0,704.7962962962963,4.0,8.0,14.85,53.0,7.8,106547.0,2.3,30.0,632234.0
144,392,pineblvd,Seattle,Wa,Townhouse,15.0,1.0,1543.0,0.54,0.0,1.0,1.0,703.4025974025974,4.0,2.0,6.23,100.0,15.1,69284.0,6.5,72.0,1089634.0
145,120,mapledr,Austin,co,Condo,12.0,4.0,1269.4,0.02,1.0,1.0,1.0,593.0,4.0,7.0,31.13,13.0,18.6,44204.0,1.2,376.0,895603.0
146,211,mainblvd,Denver,OR,Singlefamily,3.0,2.0,2171.0,0.28,1.0,1.0,0.0,704.7962962962963,4.0,4.0,9.295398487173363,80.0,7.5,2.7,0.983,49.0,639683.0
147,221,elmst,Denver,TX,Multi-Family,4.0,2.0,2542.0,0.64,1.0,1.0,1.0,650.1,3.0,3.0,7.16,5.0,8.0,75981.0,1.093,499.0,924733.0
148,374,pinedr,Denver,MA,Condo,2.0,1.0,1267.0,0.29,1.0,1.0,1.0,824.0123456790124,5.0,5.0,25.27,67.0,9.2,5.3,1.168,295.0,423405.0
149,286,elmst,Boston,CO,Condo,5.0,2.0,400.0,0.11,0.0,1.0,1.0,229.0,1.0,1.29198719845468,4.882110836722324,85.0,9.2,25704.0,1.13,250.0,50000.0
150,182,mapleblvd,Boston,CO,Condo,6.0,2.0,2175.0,0.24,1.0,1.0,1.0,98.0,4.0,9.0,42.95,75.0,8.7,2.5,0.827,250.0,755465.0
151,321,elmdr,Seattle,TX,Condo,2.0,2.0,1237.0,0.26785714285714285,1.0,1.0,1.0,1025.0,1.0,9.0,10.795418274219614,3.0,9.3,4.6,4.7,57.0,419886.0
152,37,maindr,Portland,co,Singlefamily,1.0,4.0,3130.0,0.32,1.0,1.0,1.0,704.7962962962963,1.0,9.0,25.15,70.0,8.4,76826.0,1.459,230.0,679587.0
153,140,mainave,Denver,Wa,Singlefamily,5.0,2.0,2074.0,0.22,0.0,0.0,1.0,845.0,3.0,2.0,40.94,45.0,19.2,22808.0,1.055,230.0,671526.0
154,305,elmblvd,Portland,co,Townhouse,6.0,4.0,1657.0,0.12,0.0,1.0,1.0,1186.0,5.0,0.9121270389735967,37.95,30.0,14.6,61192.0,0.746,140.0,865328.0
155,169,mainblvd,Portland,WA,Townhouse,2.0,2.0,1946.0,1.47,1.0,1.0,1.0,24.0,1.0,5.0,26.09,8.3,16.2,77255.0,1.691,52.0,609927.0
156,334,oakblvd,Seattle,tx,Condo,5.0,2.0,1393.0,0.09,0.0,1.0,1.0,756.0,1.0,7.0,8.24,16.0,33.6,112340.0,0.66,114.0,697499.0
157,299,maplest,Austin,OR,Townhouse,4.0,2.0,1436.0,0.07,1.0,1.0,1.0,314.0,4.0,8.0,28.21,20.7,8.5,5.1,1.993,290.0,826137.0
158,60,mapleblvd,Seattle,tx,Multi-Family,0.0,3.0,1237.0,0.06,0.0,1.0,1.0,1010.0,2.0,9.0,20.21,21.0,5.8,51213.0,1.157,449.0,155708.0
159,112,mapleave,Portland,MA,Condo,2.0,2.0,2950.0,0.26,1.0,1.0,1.0,693.0,5.0,1.6913625324509711,15.81,11.1,11.1,83575.0,1.334,303.0,903316.0
160,229,oakblvd,Portland,OR,Multi-Family,2.0,2.0,1123.9,0.33,1.0,1.0,1.0,650.1,2.0,4.0,21.38,48.0,2.3,0.6,0.518,300.0,311266.0
161,261,mapledr,Seattle,TX,Singlefamily,4.0,1.0,1723.0,0.21,0.0,1.0,1.0,704.7962962962963,3.0,4.0,45.62,89.0,31.7,66908.0,1.678,230.0,691625.0
162,7,mapleave,Austin,OR,Singlefamily,4.0,1.0,1658.0,0.0,0.0,1.0,0.0,1117.0,3.0,3.0,13.768454804339608,5.0,14.7,101632.0,1.558,230.0,632126.0
163,323,pinest,Seattle,CO,Singlefamily,3.0,1.0,1237.0,0.27,0.0,1.0,1.0,520.0,3.0,1.571361566030542,21.78,13.0,12.2,124929.0,1.49,462.0,485631.0
164,287,mainst,Denver,CO,Townhouse,3.0,1.0,2384.0,0.99,1.0,1.0,1.0,732.0,5.0,5.0,21.91,79.0,4.8,55136.0,0.961,290.0,628065.0
165,159,maplest,Austin,OR,Multi-Family,3.0,1.0,1856.0,0.91,1.0,1.0,0.0,650.1,3.0,10.0,13.407446244760893,15.0,20.7,5.1,3.7,300.0,524689.0
166,151,mainblvd,Portland,CO,Condo,5.0,3.0,2300.0,0.24,0.0,1.0,1.0,1067.0,4.0,2.6171653713500764,5.83,99.0,3.1,48445.0,1.821,430.0,770717.0
167,11,maindr,Seattle,tx,Townhouse,4.0,4.0,2273.0,0.71,0.0,1.0,0.0,451.0,5.0,1.0,0.0,92.0,5.7,30148.0,4.8,13.0,800446.0
168,209,pineblvd,Denver,TX,Singlefamily,1.0,2.0,400.0,0.13,0.0,1.0,1.0,704.7962962962963,5.0,5.0,38.26,76.0,12.0,77619.0,1.481,75.0,301236.0
169,104,mapledr,Portland,WA,Singlefamily,3.0,4.0,2909.0,0.53,0.0,1.0,1.0,60.0,5.0,6.0,26.44,22.0,6.3,61965.0,1.076,116.0,804120.0
170,82,oakave,Seattle,WA,Condo,2.0,1.0,2400.0,0.28,0.0,1.0,1.0,886.0,4.0,9.0,7.9,11.0,22.7,3.2,0.804,250.0,664457.0
171,223,pinedr,Austin,MA,Multi-Family,1.0,2.0,1394.0,0.19,0.0,1.0,1.0,1338.0,2.0,7.0,42.1,68.0,8.7,114179.0,1.164,310.0,419231.0
172,348,mapledr,Seattle,co,Condo,4.0,3.0,1973.0,0.32,1.0,1.0,1.0,824.0123456790124,4.0,7.0,34.77,85.0,0.9,68955.0,1.197,250.0,5000000.0
173,168,elmdr,Denver,WA,Condo,4.0,1.0,2265.0,0.18,1.0,1.0,1.0,824.0123456790124,3.0,1.0,13.97,6.0,19.9,107739.0,1.444,459.0,652364.0
174,390,mainave,Austin,TX,Singlefamily,2.0,1.0,2356.0,0.09,1.0,1.0,1.0,1082.0,4.0,10.0,48.67,0.0,17.9,101074.0,1.018,312.0,729824.0
175,240,mapledr,Denver,TX,Townhouse,4.0,2.0,1664.0,0.22,1.0,1.0,1.0,1372.0,5.0,5.0,20.36,57.0,4.0,84575.0,1.736,497.0,658802.0
176,259,mainst,Seattle,CO,Multi-Family,2.0,4.0,2574.0,0.23,1.0,1.0,1.0,22.0,1.0,2.0,19.57,56.0,12.2,6.2,1.549,300.0,592292.0
177,199,mainave,Denver,CO,Townhouse,1.0,2.0,3210.0,0.47,0.0,1.0,1.0,29.0,3.0,1.8788009579531164,27.72,89.0,3.3,141427.0,1.082,290.0,741615.0
178,181,pineave,Seattle,TX,Multi-Family,4.0,4.0,400.0,0.01,0.0,1.0,0.0,650.1,2.0,2.2638440015278825,37.95,24.0,3.6,78265.0,0.753,83.0,380471.0
179,90,pineblvd,Austin,MA,Townhouse,3.0,1.0,1357.0,0.08,1.0,1.0,0.0,772.0,2.0,8.0,21.4,61.0,18.4,7.1,1.378,346.0,524672.0
180,333,pinest,Seattle,CO,Singlefamily,4.0,4.0,1237.0,0.02,0.0,1.0,1.0,704.7962962962963,4.0,7.0,33.14,10.7,1.7,79071.0,1.266,230.0,426398.0
181,164,pinest,Boston,OR,Singlefamily,3.0,3.0,669.0,0.38,1.0,0.0,1.0,704.7962962962963,3.0,7.0,33.53,1.0,23.0,63626.0,1.119,230.0,369169.0
182,148,elmdr,Portland,TX,Condo,4.0,4.0,2559.0,0.34,0.0,1.0,1.0,824.0123456790124,1.0,2.2708515258960777,34.58,86.0,0.9,124002.0,0.741,82.0,723507.0
183,248,maplest,Austin,co,Townhouse,4.0,1.0,3229.0,0.56,1.0,1.0,1.0,703.4025974025974,2.0,10.0,13.407446244760893,6.0,24.2,39190.0,1.568,290.0,830700.0
184,93,maindr,Austin,MA,Singlefamily,3.0,2.0,2122.0,0.43,0.0,1.0,1.0,296.0,3.0,10.0,39.58,34.0,9.8,64928.0,1.738,230.0,722080.0
185,70,maplest,Seattle,TX,Multi-Family,4.0,1.0,400.0,0.08,1.0,1.0,1.0,625.0,5.0,7.0,28.9,38.0,2.8,94157.0,0.535,300.0,454713.0
186,124,maindr,Denver,OR,Condo,4.0,2.0,2706.0,0.26785714285714285,1.0,1.0,1.0,1306.0,4.0,9.0,11.637843010499049,62.0,4.5,73632.0,1.297,250.0,786601.0
187,97,oakst,Portland,WA,Condo,5.0,4.0,2349.0,0.08,0.0,1.0,0.0,760.0,2.0,2.0,13.67,97.0,2.2,3.1,1.737,405.0,18551.830073782476
188,144,mapleave,Austin,CO,Condo,5.0,4.0,2238.0,0.83,1.0,0.0,1.0,1286.0,5.0,1.0,14.69,93.0,15.9,72578.0,1.231,250.0,859006.0
189,317,mainst,Portland,co,Condo,2.0,1.0,10000.0,0.26785714285714285,1.0,1.0,1.0,302.0,1.0,8.0,16.78,22.4,21.1,109398.0,0.726,250.0,1741677.0
190,98,maindr,Denver,MA,Townhouse,3.0,2.0,2659.0,0.19,0.0,1.0,0.0,703.4025974025974,5.0,6.0,0.0,84.0,13.9,80545.0,0.857,392.0,702798.0
191,251,mainst,Portland,CO,Singlefamily,12.0,4.0,3248.0,0.12,1.0,0.0,1.0,704.7962962962963,4.0,3.0,45.94,56.0,8.8,53587.0,1.644,230.0,1156888.0
192,69,oakave,Boston,co,Townhouse,2.0,4.0,2279.0,0.25,0.0,1.0,0.0,1164.0,2.0,4.0,36.27,46.0,17.5,52147.0,0.974,325.0,664230.0
193,24,pineave,Seattle,CO,Condo,4.0,2.0,2008.0,0.3,0.0,1.0,1.0,824.0123456790124,3.0,6.0,25.2,27.0,21.6,1.5,2.288,250.0,632627.0
194,38,mapledr,Portland,co,Condo,6.0,4.0,682.0,0.31,0.0,0.0,0.0,1222.0,2.0,10.0,44.21,99.0,27.1,1.7,1.139,250.0,649365.0
195,145,mainave,Denver,Wa,Townhouse,3.0,2.0,2477.0,0.18,1.0,1.0,1.0,703.4025974025974,4.0,10.0,0.0,9.3,33.5,48865.0,1.361,365.0,773091.0
196,123,oakave,Seattle,WA,Condo,4.0,4.0,2766.0,0.26785714285714285,1.0,1.0,0.0,928.0,5.0,3.0,10.001621245599653,9.0,20.5,68327.0,0.741,250.0,805732.0
197,368,elmblvd,Austin,WA,Townhouse,2.0,4.0,2839.0,0.07,0.0,1.0,1.0,1039.0,3.0,1.0,34.44,56.0,3.6,3.3,0.947,290.0,791477.0
198,183,elmblvd,Denver,MA,Multi-Family,5.0,2.0,2061.0,0.27875,0.0,1.0,0.0,868.0,4.0,9.0,50.68,15.0,3.0,20000.0,1.314,365.0,850536.0
199,68,pineblvd,Austin,WA,Condo,3.0,4.0,2512.0,0.6,1.0,0.0,1.0,1096.0,4.0,8.0,23.73,18.4,5.4,97661.0,1.4,250.0,18551.830073782476
200,203,maplest,Portland,TX,Townhouse,3.0,2.0,1380.0,0.3,0.0,1.0,1.0,1015.0,4.0,5.0,52.81,35.0,7.2,5.1,1.659,84.0,532662.0
201,246,mapledr,Portland,co,Singlefamily,4.0,4.0,2807.0,0.62,0.0,1.0,0.0,704.7962962962963,5.0,8.0,15.81,35.0,12.9,40688.0,1.2,230.0,818391.0
202,232,pineblvd,Austin,CO,Condo,3.0,2.0,1890.0,0.04,1.0,1.0,0.0,824.0123456790124,3.0,6.0,30.51,8.0,24.7,68296.0,1.06,475.0,609245.0
203,278,mainave,Austin,Wa,Condo,2.0,2.0,1046.0,0.26785714285714285,1.0,1.0,1.0,824.0123456790124,1.0,4.0,21.86,20.0,5.9,70566.0,1.019,250.0,383039.0
204,312,elmdr,Boston,CO,Multi-Family,15.0,2.0,3255.0,0.27875,0.0,1.0,1.0,650.1,3.0,5.0,25.11,71.0,4.7,95964.0,1.368,321.0,1477611.0
205,212,mainave,Boston,OR,Singlefamily,1.0,2.0,3014.0,0.04,1.0,1.0,1.0,704.7962962962963,3.0,10.0,64.95,9.3,13.4,95793.0,1.271,230.0,585892.0
206,126,mainst,Seattle,tx,Townhouse,4.0,4.0,2415.0,0.45,0.0,1.0,1.0,703.4025974025974,5.0,7.0,10.417700263424424,62.0,14.6,88431.0,1.457,422.0,868582.0
207,147,mapleblvd,Seattle,MA,Multi-Family,0.0,2.0,2320.0,0.21,0.0,1.0,1.0,650.1,4.0,8.0,30.47,74.0,17.7,84228.0,1.02,300.0,563805.0
208,256,maindr,Seattle,WA,Condo,4.0,3.0,3182.0,0.11,1.0,1.0,1.0,824.0123456790124,4.0,3.0,11.637843010499049,34.0,5.0,69955.0,4.8,250.0,937132.0
209,87,oakave,Portland,MA,Condo,2.0,1.0,2084.0,0.07,1.0,1.0,1.0,1088.0,3.0,2.2161380050367865,63.55,0.0,1.1,116657.0,0.3,189.0,513348.0
210,350,oakst,Austin,MA,Condo,4.0,3.0,3059.0,0.26785714285714285,1.0,1.0,0.0,824.0123456790124,4.0,9.0,47.89,85.0,6.5,60615.0,1.319,250.0,895904.0
211,330,pineblvd,Denver,co,Multi-Family,3.0,4.0,2427.0,0.14,1.0,1.0,0.0,824.0,3.0,1.0,29.56,51.0,15.8,68074.0,1.781,300.0,606961.0
212,351,mapleave,Austin,Wa,Townhouse,4.0,3.0,2357.0,0.27,1.0,1.0,1.0,703.4025974025974,1.0,1.6913625324509711,29.67,11.1,16.3,84317.0,1.946,208.0,746158.0
213,292,maplest,Boston,MA,Multi-Family,5.0,3.0,2558.0,0.08,0.0,1.0,0.0,604.0,3.0,9.0,30.57,22.0,20.7,88865.0,2.01,300.0,848876.0
214,339,elmave,Seattle,Wa,Condo,4.0,4.0,2546.0,0.08,1.0,1.0,1.0,1259.0,4.0,2.0,22.81,74.0,10.6,52890.0,0.921,250.0,790904.0
215,376,mainst,Boston,OR,Condo,3.0,2.0,1317.5,0.59,0.0,1.0,0.0,83.0,4.0,2.0,30.91,7.0,5.4,66633.0,1.538,250.0,237584.0
216,184,mapleave,Portland,tx,Townhouse,2.0,2.0,1303.0,0.29559633027522936,1.0,1.0,1.0,72.0,1.0,1.6913625324509711,35.17,13.0,11.1,139719.0,0.958,290.0,519393.0
217,220,pineblvd,Austin,tx,Multi-Family,3.0,1.0,1611.0,0.64,1.0,0.0,1.0,532.0,4.0,4.0,9.739847798300824,35.0,18.4,117366.0,1.168,300.0,506658.0
218,335,mapleave,Boston,TX,Townhouse,3.0,2.0,2637.0,0.11,0.0,1.0,1.0,93.0,5.0,3.0,7.82,11.1,0.9,96229.0,3.3,290.0,574328.0
219,228,oakdr,Denver,Wa,Multi-Family,4.0,4.0,2300.0,0.07,1.0,0.0,1.0,650.1,5.0,7.0,32.71,99.0,11.4,85518.0,1.396,300.0,833775.0
220,295,mapleave,Seattle,Wa,Condo,3.0,4.0,2484.0,0.21,0.0,0.0,1.0,824.0123456790124,3.0,1.0,34.28,11.0,8.3,93858.0,0.692,133.0,635864.0
221,130,mainst,Seattle,MA,Townhouse,4.0,3.0,1325.0,0.59,1.0,1.0,1.0,703.4025974025974,1.0,2.2174434837338417,10.5,22.4,9.6,74891.0,6.4,252.0,668938.0
222,39,oakave,Portland,tx,Condo,3.0,3.0,2424.0,0.02,0.0,1.0,0.0,649.0,1.0,5.0,15.66,50.0,17.1,61064.0,0.951,250.0,789760.0
223,12,elmblvd,Seattle,co,Condo,0.0,2.0,2030.0,0.05,1.0,0.0,1.0,824.0123456790124,3.0,3.0,18.6,25.0,17.3,84862.0,0.988,250.0,512266.0
224,282,mainblvd,Portland,OR,Singlefamily,1.0,2.0,1292.0,0.01,1.0,1.0,0.0,810.0,5.0,7.0,9.295398487173363,26.0,2.0,20000.0,1.124,230.0,456568.0
225,186,mapledr,Austin,Wa,Townhouse,2.0,3.0,2272.0,0.03,0.0,1.0,1.0,703.4025974025974,4.0,3.0,19.52,18.0,11.5,34586.0,1.2,290.0,588248.0
226,362,elmave,Austin,tx,Condo,3.0,4.0,1269.4,1.63,0.0,1.0,0.0,460.0,5.0,9.0,27.12,75.0,15.0,101556.0,5.9,188.0,506332.0
227,113,maindr,Boston,co,Singlefamily,3.0,4.0,2058.0,0.14,1.0,1.0,1.0,704.7962962962963,3.0,2.0,13.03,68.0,17.1,46479.0,0.864,230.0,714280.0
228,180,mainave,Seattle,TX,Condo,2.0,2.0,2991.0,0.26785714285714285,1.0,0.0,1.0,824.0123456790124,4.0,3.0,7.45,10.0,4.4,91243.0,1.504,216.0,602529.0
229,303,elmave,Boston,tx,Townhouse,2.0,1.0,3154.0,0.05,1.0,0.0,1.0,1471.0,4.0,2.16289596891366,26.64,75.0,18.4,57813.0,0.533,186.0,468430.0
230,281,pineave,Austin,TX,Condo,4.0,4.0,1479.0,0.26785714285714285,1.0,1.0,1.0,1461.0,3.0,3.0,34.58,30.0,27.0,32623.0,0.502,250.0,499824.0
231,272,oakave,Portland,tx,Townhouse,3.0,4.0,2252.0,0.45,0.0,1.0,1.0,1350.0,1.0,8.0,24.62,22.0,4.2,54158.0,1.036,290.0,699988.0
232,118,elmblvd,Portland,TX,Condo,3.0,3.0,2202.0,0.1,1.0,0.0,1.0,1387.0,4.0,1.0,27.87,25.0,25.0,3.3,1.499,250.0,853360.0
233,383,elmdr,Seattle,CO,Condo,2.0,4.0,530.0,0.03,0.0,1.0,0.0,824.0123456790124,1.0,7.0,16.23,33.0,16.6,74180.0,0.938,67.0,220868.0
234,389,pineave,Portland,MA,Singlefamily,3.0,2.0,2059.0,0.02,0.0,1.0,1.0,1315.0,1.0,5.0,35.03,97.0,22.3,1.5,0.919,230.0,699282.0
235,400,pinest,Austin,CO,Singlefamily,1.0,4.0,2083.0,0.02,0.0,1.0,1.0,417.0,1.0,2.0,18.8,69.0,25.1,91696.0,0.666,230.0,551332.0
236,300,oakst,Seattle,CO,Condo,5.0,4.0,1555.0,0.13,0.0,0.0,1.0,668.0,1.0,10.0,39.37,55.0,8.5,102649.0,1.149,250.0,804142.0
237,234,elmdr,Denver,MA,Condo,5.0,4.0,2371.0,0.06,1.0,1.0,1.0,824.0123456790124,2.0,2.2708515258960777,10.795418274219614,32.0,8.6,4.6,1.665,328.0,5000000.0
238,377,oakdr,Portland,CO,Condo,6.0,4.0,2158.0,0.2,0.0,1.0,1.0,1216.0,3.0,7.0,50.56,91.0,15.0,106074.0,1.091,250.0,781607.0
239,394,elmave,Austin,WA,Condo,4.0,2.0,2333.0,0.51,0.0,1.0,1.0,824.0123456790124,5.0,2.16289596891366,10.77,44.0,24.0,102965.0,1.105,25.0,661446.0
240,165,oakdr,Seattle,OR,Townhouse,2.0,4.0,1680.0,0.02,1.0,1.0,1.0,284.0,3.0,10.0,6.64,48.0,3.9,76003.0,0.951,290.0,608109.0
241,361,mainst,Denver,OR,Townhouse,3.0,4.0,3450.0,0.37,1.0,1.0,0.0,703.4025974025974,1.0,6.0,4.69,22.4,5.6,6.2,1.264,290.0,912338.0
242,137,elmblvd,Denver,MA,Condo,3.0,4.0,865.0,0.61,1.0,0.0,1.0,429.0,3.0,5.0,38.99,40.0,17.0,20000.0,0.839,250.0,639888.0
243,155,mapledr,Denver,TX,Singlefamily,2.0,2.0,2149.0,0.02,0.0,1.0,1.0,704.7962962962963,1.0,8.0,22.17,2.0,14.4,73989.0,0.82,230.0,543608.0
244,200,maplest,Seattle,WA,Townhouse,4.0,1.0,1649.0,0.25,1.0,1.0,1.0,950.0,4.0,2.950325347565087,55.92,84.0,19.7,105721.0,1.437,290.0,603255.0
245,198,maindr,Austin,tx,Multi-Family,6.0,2.0,524.0,0.38,0.0,1.0,1.0,189.0,4.0,5.0,28.37,60.0,17.5,32449.0,0.496,300.0,456547.0
246,345,mainave,Austin,WA,Townhouse,4.0,3.0,2037.0,0.58,1.0,1.0,1.0,217.0,5.0,1.0,23.65,100.0,18.2,3.5,4.3,405.0,780805.0
247,3,oakave,Seattle,WA,Singlefamily,5.0,3.0,1473.0,0.18,0.0,0.0,1.0,365.0,3.0,5.0,3.82,47.0,5.0,92931.0,2.224,0.0,680727.0
248,233,mainave,Boston,CO,Townhouse,4.0,4.0,2839.0,0.11,1.0,1.0,1.0,703.4025974025974,5.0,1.8788009579531164,0.76,38.0,18.4,3.5,1.371,290.0,898047.0
249,205,mapledr,Portland,TX,Singlefamily,3.0,1.0,2081.0,0.09,0.0,1.0,1.0,704.7962962962963,3.0,1.0,40.49,82.0,8.4,1.7,1.361,14.0,646781.0
250,116,maindr,Seattle,CO,Condo,3.0,2.0,2524.0,0.54,1.0,1.0,1.0,1175.0,4.0,5.0,11.637843010499049,95.0,18.5,110078.0,1.753,296.0,780496.0
251,291,mapledr,Austin,OR,Multi-Family,2.0,2.0,1914.0,0.27875,0.0,0.0,0.0,650.1,5.0,7.0,57.81,43.0,5.2,58088.0,1.167,300.0,488528.0
252,396,pinedr,Portland,tx,Condo,4.0,4.0,3570.0,0.1,1.0,1.0,1.0,349.0,3.0,1.0,0.0,10.0,9.5,33950.0,4.4,250.0,943960.0
253,27,mapleave,Denver,tx,Multi-Family,3.0,2.0,2246.0,0.27875,0.0,1.0,1.0,650.1,5.0,10.0,7.86,11.1,17.0,106985.0,0.816,296.0,759309.0
254,121,maplest,Austin,TX,Condo,5.0,2.0,981.0,0.01,0.0,1.0,1.0,824.0123456790124,5.0,2.0,30.51,13.0,20.7,71068.0,0.386,250.0,683555.0
255,116,maindr,Seattle,CO,Condo,3.0,2.0,2524.0,0.54,1.0,1.0,1.0,1175.0,4.0,5.0,11.637843010499049,95.0,18.5,110078.0,1.753,296.0,780496.0
256,225,elmblvd,Denver,CO,Condo,3.0,4.0,3492.0,0.32,0.0,0.0,1.0,569.0,3.0,0.9121270389735967,20.17,56.0,2.1,3.3,1.159,250.0,876836.0
257,336,mapleave,Portland,tx,Townhouse,2.0,4.0,1079.0,0.59,0.0,1.0,0.0,572.0,3.0,7.0,25.21,91.0,17.4,89480.0,1.368,290.0,410398.0
258,279,pinedr,Seattle,CO,Townhouse,6.0,2.0,2440.0,0.07,0.0,1.0,1.0,1430.0,4.0,10.0,19.44,30.0,26.8,66809.0,1.346,160.0,994180.0
259,128,mainst,Austin,CO,Singlefamily,6.0,3.0,1113.0,0.2,0.0,1.0,1.0,704.7962962962963,5.0,5.0,20.26,85.0,11.0,54568.0,1.536,230.0,631255.0
260,395,mapleave,Austin,WA,Condo,4.0,1.0,1540.0,0.06,1.0,1.0,1.0,824.0123456790124,2.0,1.0,15.87,37.0,3.3,20000.0,1.292,250.0,18551.830073782476
261,108,elmst,Denver,OR,Townhouse,4.0,2.0,1556.0,0.29559633027522936,1.0,1.0,1.0,703.4025974025974,4.0,3.0,9.94,76.0,3.9,73959.0,1.294,184.0,553531.0
262,347,oakst,Austin,WA,Condo,2.0,1.0,2695.0,0.26785714285714285,0.0,1.0,1.0,994.0,3.0,1.0,6.19,69.0,1.8,69396.0,0.953,358.0,745185.0
263,134,elmave,Seattle,co,Condo,3.0,4.0,3071.0,0.51,0.0,1.0,1.0,827.0,4.0,5.0,44.76,96.0,11.6,137257.0,0.924,250.0,949527.0
264,358,pinedr,Seattle,co,Multi-Family,4.0,2.0,1634.0,0.03,1.0,1.0,0.0,650.1,1.0,2.293573758413191,26.88,31.0,16.1,93374.0,0.793,300.0,641955.0
265,45,oakdr,Portland,OR,Singlefamily,6.0,2.0,2082.0,0.13,0.0,1.0,1.0,149.0,1.0,4.0,34.21,1.0,20.9,5.6,1.282,386.0,857028.0
266,382,oakst,Portland,Wa,Townhouse,4.0,4.0,1658.0,0.62,1.0,1.0,1.0,906.0,2.0,10.0,8.921234545869948,60.0,2.9,91044.0,1.692,290.0,685370.0
267,66,mainst,Austin,CO,Condo,6.0,2.0,1269.4,0.04,0.0,0.0,1.0,824.0123456790124,5.0,2.0,11.87,19.0,22.4,6.2,6.4,320.0,545037.0
268,86,mainave,Denver,CO,Multi-Family,2.0,4.0,1560.0,1.73,0.0,1.0,1.0,650.1,4.0,1.8788009579531164,22.53,9.3,30.6,76776.0,1.206,300.0,549846.0
269,243,pinedr,Denver,TX,Condo,5.0,4.0,2413.0,0.28,0.0,0.0,1.0,824.0123456790124,5.0,8.0,7.768290955661655,21.0,17.4,58728.0,1.258,384.0,755286.0
270,187,mapledr,Portland,tx,Singlefamily,3.0,4.0,1362.0,0.06,0.0,1.0,1.0,704.7962962962963,3.0,10.0,33.05,26.0,12.3,1.7,1.2,308.0,624667.0
271,160,elmdr,Seattle,Wa,Singlefamily,3.0,1.0,3119.0,0.3095180722891566,0.0,1.0,1.0,524.0,1.0,8.0,20.49,8.8,0.0,54212.0,0.913,183.0,794254.0
272,13,mapledr,Austin,WA,Townhouse,12.0,3.0,2974.0,0.49,0.0,1.0,1.0,499.0,4.0,8.0,20.36,33.0,15.4,67301.0,1.053,290.0,1222743.0
273,36,pinedr,Austin,co,Singlefamily,4.0,1.0,2115.0,0.17,0.0,1.0,0.0,707.0,4.0,9.0,49.49,34.0,1.4,5.3,4.4,442.0,602381.0
274,29,maplest,Denver,tx,Townhouse,4.0,4.0,2721.0,0.66,0.0,1.0,1.0,703.4025974025974,3.0,4.0,7.71,17.0,2.0,79950.0,0.858,276.0,804979.0
275,171,maindr,Seattle,OR,Multi-Family,2.0,2.0,2606.0,0.15,1.0,1.0,1.0,650.1,1.0,3.7223647662845423,57.34,34.0,0.9,100089.0,1.213,419.0,690775.0
276,143,mainblvd,Portland,Wa,Townhouse,6.0,3.0,3861.0,0.56,1.0,0.0,1.0,1346.0,1.0,2.6171653713500764,30.44,8.3,20.4,65900.0,1.352,474.0,1035074.0
277,332,pinest,Seattle,MA,Condo,4.0,1.0,1647.0,0.2,0.0,1.0,1.0,824.0123456790124,1.0,2.0,-10.642801372293434,59.0,6.1,118308.0,0.697,250.0,624732.0
278,284,mainst,Austin,TX,Singlefamily,0.0,2.0,3438.0,1.12,0.0,1.0,1.0,704.7962962962963,2.0,2.2174434837338417,35.09,60.0,14.7,6.2,0.971,230.0,839621.0
279,222,mapledr,Seattle,Wa,Condo,3.0,1.0,2379.0,0.66,1.0,1.0,0.0,824.0123456790124,1.0,6.0,27.92,84.0,7.2,85154.0,1.082,250.0,812257.0
280,96,oakblvd,Austin,CO,Townhouse,3.0,1.0,1269.4,0.33,0.0,0.0,1.0,703.4025974025974,4.0,1.326932531599117,6.426283888093325,24.0,0.2,56255.0,1.21,290.0,2000000.0
281,52,mainblvd,Seattle,CO,Townhouse,3.0,2.0,1237.0,0.16,0.0,1.0,1.0,703.4025974025974,3.0,9.0,42.69,33.0,6.2,23605.0,1.742,290.0,340836.0
282,241,elmst,Denver,MA,Condo,5.0,3.0,2071.0,0.03,0.0,1.0,1.0,824.0123456790124,5.0,7.0,4.882110836722324,13.9,2.9,83059.0,1.241,250.0,587672.0
283,312,elmdr,Boston,CO,Multi-Family,15.0,2.0,3255.0,0.27875,0.0,1.0,1.0,650.1,3.0,5.0,25.11,71.0,4.7,95964.0,1.368,321.0,1477611.0
284,318,mapleblvd,Portland,CO,Townhouse,3.0,4.0,3416.0,0.03,1.0,1.0,1.0,703.4025974025974,1.0,6.0,2.608494463568526,81.0,2.3,46285.0,1.338,290.0,858507.0
285,179,elmave,Austin,WA,Singlefamily,3.0,4.0,2549.0,0.11,0.0,0.0,0.0,1373.0,1.0,7.0,42.86,15.0,10.6,6.7,0.782,115.0,722069.0
286,42,pineblvd,Seattle,MA,Townhouse,10.0,4.0,2409.0,0.7,0.0,0.0,1.0,703.4025974025974,3.0,3.3724289466936774,44.58,19.0,10.2,95458.0,1.076,367.0,1050938.0
287,324,oakdr,Portland,CO,Condo,2.0,1.0,2235.0,0.09,1.0,1.0,0.0,522.0,4.0,10.0,21.16,98.0,14.6,73134.0,1.65,425.0,680418.0
288,207,elmave,Portland,WA,Condo,3.0,2.0,1401.0,0.26785714285714285,0.0,1.0,1.0,824.0123456790124,5.0,9.0,29.53,10.0,12.8,78645.0,0.809,250.0,588551.0
289,283,oakblvd,Austin,OR,Singlefamily,15.0,2.0,2184.0,0.99,1.0,0.0,1.0,704.7962962962963,5.0,1.0,21.06,32.0,26.1,0.6,-0.3,440.0,1287260.0
290,255,oakave,Denver,TX,Condo,2.0,4.0,943.0,0.23,0.0,1.0,1.0,824.0123456790124,3.0,1.0,8.1,33.0,11.5,3.2,3.8,250.0,423917.0
291,385,mapledr,Seattle,tx,Condo,2.0,1.0,1779.0,0.53,0.0,1.0,1.0,824.0123456790124,5.0,3.916265886975517,21.210308712091475,75.0,5.2,41699.0,2.164,250.0,584569.0
292,5,maindr,Austin,WA,Townhouse,3.0,2.0,500.0,0.11,1.0,1.0,1.0,337.0,4.0,8.0,6.69,100.0,32.2,110809.0,1.287,290.0,344273.0
293,257,pinest,Seattle,TX,Singlefamily,3.0,4.0,1341.0,0.18,0.0,1.0,1.0,1342.0,3.0,3.0,28.59,70.0,8.4,3.4,1.317,134.0,708005.0
294,372,oakst,Portland,Wa,Condo,3.0,3.0,1735.0,0.13,0.0,1.0,1.0,381.0,4.0,7.0,18.16,85.0,11.5,3.1,3.2,234.0,18551.830073782476
295,101,maindr,Austin,CO,Multi-Family,4.0,2.0,943.0,0.13,0.0,1.0,1.0,650.1,4.0,3.7223647662845423,5.21,55.0,8.2,106937.0,1.248,300.0,590942.0
296,227,oakdr,Denver,co,Condo,5.0,1.0,1992.0,0.08,0.0,1.0,1.0,991.0,4.0,4.0,17.36,80.0,16.2,116275.0,1.605,250.0,593910.0
297,355,elmst,Austin,Wa,Singlefamily,5.0,1.0,2677.0,0.07,1.0,1.0,1.0,704.7962962962963,3.0,7.0,10.77,23.0,2.2,93536.0,1.618,230.0,908560.0
298,214,maindr,Austin,MA,Condo,2.0,2.0,1631.0,0.22,0.0,1.0,1.0,357.0,3.0,10.0,26.11,35.0,8.5,116246.0,0.942,250.0,406030.0
299,172,mapledr,Portland,co,Condo,5.0,4.0,1892.0,0.8,1.0,1.0,1.0,254.0,4.0,7.0,31.96,44.0,10.7,72033.0,1.568,333.0,710578.0
300,99,elmave,Seattle,TX,Singlefamily,1.0,2.0,2297.0,0.21,1.0,1.0,1.0,851.0,5.0,5.0,0.0,9.0,17.9,64434.0,5.9,272.0,517761.0
301,293,maplest,Seattle,Wa,Singlefamily,15.0,4.0,1670.0,1.19,1.0,1.0,1.0,704.7962962962963,3.0,1.0,13.407446244760893,20.7,5.4,5.1,3.7,216.0,1193708.0
302,216,mainave,Austin,tx,Condo,15.0,4.0,2151.0,0.72,0.0,1.0,1.0,824.0123456790124,1.0,2.0,3.177773158266117,2.0,8.6,170793.0,1.32,250.0,1238541.0
303,62,oakst,Portland,tx,Singlefamily,12.0,2.0,1610.0,0.3095180722891566,0.0,1.0,1.0,1320.0,5.0,2.0,8.921234545869948,56.0,7.8,3.1,0.594,62.0,1173097.0
304,48,mainst,Boston,TX,Multi-Family,4.0,1.0,2594.0,0.14,0.0,0.0,1.0,1411.0,1.0,6.0,26.33,43.0,15.5,62963.0,1.29,167.0,796914.0
305,33,oakdr,Denver,tx,Condo,2.0,4.0,2603.0,0.16,1.0,1.0,1.0,722.0,4.0,1.0,37.99,95.0,7.3,65464.0,4.8,400.0,561471.0
306,268,pineave,Portland,tx,Condo,5.0,2.0,1123.9,0.37,1.0,1.0,1.0,677.0,4.0,6.0,0.89,27.0,3.9,51925.0,0.824,348.0,434493.0
307,201,elmave,Portland,Wa,Singlefamily,4.0,2.0,1545.0,0.02,0.0,1.0,0.0,704.7962962962963,5.0,3.0,24.95,10.6,18.9,55522.0,1.579,230.0,409864.0
308,370,oakst,Austin,MA,Townhouse,2.0,3.0,2057.0,0.07,1.0,1.0,1.0,703.4025974025974,2.0,10.0,8.921234545869948,4.0,19.3,60265.0,1.086,329.0,489230.0
309,28,mapledr,Denver,TX,Condo,6.0,1.0,1716.0,0.5,0.0,0.0,1.0,172.0,4.0,3.916265886975517,32.73,78.0,40.8,92126.0,1.654,250.0,833720.0
310,326,mainave,Seattle,tx,Townhouse,4.0,2.0,1848.0,0.17,0.0,1.0,1.0,872.0,4.0,9.0,51.24,15.0,21.1,3.5,1.476,123.0,698278.0
311,231,pineave,Austin,co,Townhouse,2.0,4.0,1851.0,0.1,0.0,1.0,1.0,989.0,3.0,7.0,27.94,20.0,12.5,1.5,0.989,58.0,287015.18666441995
312,261,mapledr,Seattle,TX,Singlefamily,4.0,1.0,1723.0,0.21,0.0,1.0,1.0,704.7962962962963,3.0,4.0,45.62,89.0,31.7,66908.0,1.678,230.0,691625.0
313,289,elmdr,Portland,TX,Singlefamily,3.0,4.0,1551.0,0.75,1.0,1.0,0.0,42.0,3.0,2.0,10.795418274219614,89.0,7.9,4.6,1.332,183.0,632244.0
314,163,oakdr,Portland,tx,Condo,12.0,1.0,1754.0,0.27,1.0,1.0,1.0,824.0123456790124,3.0,2.28677304256107,4.45,74.0,15.0,74937.0,1.366,250.0,948250.0
315,353,elmst,Denver,co,Townhouse,4.0,1.0,2212.0,0.29559633027522936,1.0,1.0,1.0,703.4025974025974,1.0,2.0,38.53,50.0,11.8,60619.0,1.662,275.0,820467.0
316,139,elmave,Portland,WA,Singlefamily,2.0,4.0,3304.0,0.4,0.0,1.0,1.0,704.7962962962963,1.0,2.0,31.02,35.0,4.5,84714.0,1.083,420.0,791566.0
317,63,mainave,Boston,co,Condo,2.0,1.0,2000.0,0.01,0.0,1.0,1.0,824.0123456790124,2.0,1.8788009579531164,37.77,60.0,2.1,75858.0,1.587,51.0,606358.0
318,136,elmdr,Austin,MA,Townhouse,3.0,4.0,1453.0,1.68,0.0,1.0,1.0,1213.0,3.0,2.0,10.795418274219614,58.0,10.3,78600.0,1.445,290.0,547359.0
319,129,pineave,Portland,OR,Condo,3.0,2.0,688.0,0.26785714285714285,0.0,1.0,1.0,824.0123456790124,5.0,5.0,22.4,27.0,4.5,149168.0,1.002,147.0,535081.0
320,9,mapledr,Seattle,tx,Singlefamily,4.0,2.0,1243.0,0.39,1.0,1.0,1.0,704.7962962962963,3.0,8.0,37.52,94.0,12.4,1.7,1.17,171.0,664287.0
321,65,oakdr,Boston,MA,Singlefamily,3.0,2.0,2905.0,0.47,0.0,0.0,1.0,687.0,5.0,2.0,11.89,6.0,10.0,146229.0,1.606,252.0,750509.0
322,301,pineblvd,Seattle,Wa,Multi-Family,3.0,1.0,1039.0,0.27,1.0,1.0,1.0,650.1,1.0,7.0,24.82,36.0,5.6,44213.0,1.054,303.0,5000000.0
323,15,maindr,Denver,WA,Townhouse,5.0,4.0,2339.0,0.14,1.0,1.0,1.0,123.0,3.0,4.0,24.72,34.0,3.4,42824.0,0.803,290.0,766241.0
324,157,maindr,Austin,TX,Condo,3.0,1.0,2020.0,0.06,1.0,1.0,1.0,824.0123456790124,5.0,3.7223647662845423,10.46,34.0,14.4,130398.0,1.289,98.0,665838.0
325,41,pinest,Austin,MA,Condo,2.0,4.0,2183.0,0.14,0.0,1.0,1.0,1308.0,4.0,2.0,-10.642801372293434,61.0,4.6,109858.0,1.821,250.0,594816.0
326,381,oakdr,Seattle,tx,Condo,2.0,4.0,1625.0,0.26785714285714285,0.0,1.0,1.0,824.0123456790124,4.0,3.0,12.832946753865786,59.0,13.2,89049.0,4.8,250.0,489158.0
327,337,oakave,Seattle,OR,Condo,2.0,1.0,1237.0,0.05,0.0,1.0,1.0,824.0123456790124,1.0,7.0,8.04,18.0,2.1,91043.0,0.785,250.0,208968.0
328,217,pinest,Denver,MA,Singlefamily,5.0,4.0,3118.0,0.45,1.0,1.0,0.0,72.0,3.0,10.0,0.0,61.0,11.6,85877.0,3.4,230.0,1012751.0
329,280,mapleave,Austin,TX,Condo,4.0,4.0,1606.0,0.32,1.0,0.0,1.0,1032.0,4.0,1.0,18.73,3.0,3.0,108763.0,3.3,250.0,772313.0
330,359,mainst,Portland,WA,Singlefamily,2.0,3.0,2092.0,0.46,1.0,0.0,1.0,1268.0,1.0,2.2174434837338417,0.0,92.0,15.1,38960.0,1.477,230.0,664179.0
331,237,elmave,Austin,Wa,Townhouse,4.0,3.0,2260.0,0.03,0.0,1.0,1.0,973.0,3.0,7.0,0.97,13.0,7.9,20000.0,5.9,290.0,857326.0
332,208,pinedr,Seattle,TX,Singlefamily,4.0,4.0,2023.0,0.09,0.0,1.0,1.0,704.7962962962963,5.0,2.0,38.7,94.0,3.6,119780.0,1.092,230.0,643673.0
333,213,mainst,Austin,CO,Multi-Family,3.0,1.0,2268.0,0.18,1.0,1.0,1.0,1263.0,4.0,3.0,6.0,65.0,9.5,61548.0,2.004,300.0,607450.0
334,296,pinest,Boston,WA,Singlefamily,3.0,2.0,2575.0,0.3095180722891566,1.0,1.0,1.0,704.7962962962963,2.0,2.0,35.71,22.0,6.5,73016.0,2.04,230.0,707582.0
335,379,oakblvd,Denver,WA,Singlefamily,5.0,2.0,2436.0,0.14,0.0,1.0,1.0,704.7962962962963,2.0,1.326932531599117,2.25,99.0,2.9,87062.0,0.683,230.0,742707.0
336,252,oakblvd,Denver,OR,Singlefamily,4.0,4.0,3217.0,0.3095180722891566,0.0,1.0,1.0,669.0,1.0,6.0,24.6,71.0,12.2,50711.0,1.37,44.0,881393.0
337,79,pineblvd,Portland,OR,Condo,2.0,4.0,2501.0,0.08,0.0,1.0,1.0,1070.0,4.0,3.3724289466936774,39.46,20.0,17.8,116577.0,6.5,250.0,697627.0
338,380,oakst,Denver,Wa,Singlefamily,1.0,2.0,1627.0,0.06,0.0,1.0,1.0,1140.0,4.0,5.0,16.78,64.0,16.7,41854.0,1.288,347.0,402994.0
339,304,oakblvd,Seattle,tx,Townhouse,2.0,3.0,1614.0,0.11,1.0,1.0,1.0,855.0,5.0,6.0,9.65,16.0,15.4,40536.0,1.467,290.0,304035.0
340,270,oakave,Austin,TX,Singlefamily,3.0,2.0,1516.0,0.66,1.0,1.0,1.0,589.0,4.0,6.0,30.03,68.0,11.0,80515.0,1.92,230.0,676515.0
341,202,oakave,Seattle,MA,Townhouse,4.0,2.0,2840.0,0.29559633027522936,0.0,1.0,1.0,44.0,1.0,2.0,14.25,81.0,4.9,72519.0,1.151,290.0,5000000.0
342,162,oakave,Portland,TX,Townhouse,4.0,2.0,1612.0,0.6,0.0,1.0,1.0,267.0,2.0,6.0,22.22,5.0,9.0,76314.0,1.141,290.0,818641.0
343,44,pinest,Portland,OR,Condo,4.0,2.0,2816.0,0.47,0.0,1.0,1.0,1377.0,2.0,3.0,200.0,7.0,9.9,48082.0,1.23,250.0,900409.0
344,218,pinedr,Austin,Wa,Townhouse,2.0,4.0,1269.4,0.15,0.0,0.0,0.0,93.0,5.0,4.0,7.768290955661655,29.5,16.8,5.3,0.861,125.0,382396.0
345,191,pineblvd,Seattle,OR,Townhouse,3.0,2.0,2022.0,0.29559633027522936,0.0,1.0,1.0,301.0,5.0,7.0,20.85,62.0,0.7,7.1,6.5,182.0,720305.0
346,310,oakave,Seattle,TX,Multi-Family,3.0,3.0,3046.0,0.25,0.0,0.0,1.0,650.1,1.0,2.2161380050367865,39.06,88.0,10.0,3.2,0.763,300.0,775932.0
347,260,mapleave,Portland,WA,Condo,4.0,1.0,2189.0,0.6,1.0,1.0,1.0,730.0,3.0,8.0,30.86,85.0,4.2,112857.0,0.838,250.0,676048.0
348,106,oakst,Denver,co,Condo,3.0,4.0,3034.0,0.29,1.0,1.0,1.0,503.0,4.0,1.0,29.01,6.0,17.1,77468.0,1.626,146.0,917847.0
349,54,pineblvd,Portland,TX,Townhouse,4.0,4.0,1949.0,0.04,0.0,1.0,0.0,703.4025974025974,4.0,3.0,1.01,72.0,11.0,90433.0,1.485,290.0,569620.0
350,2,maplest,Portland,WA,Condo,3.0,2.0,1779.0,0.06,1.0,0.0,0.0,824.0123456790124,5.0,7.0,28.63,91.0,5.3,23252.0,0.975,234.0,5000000.0
351,50,pineave,Denver,WA,Townhouse,3.0,2.0,3652.0,0.69,0.0,0.0,1.0,1179.0,3.0,7.0,57.85,69.0,3.5,49808.0,2.7,482.0,855739.0
352,81,mainave,Seattle,Wa,Multi-Family,3.0,4.0,1299.0,0.27875,0.0,1.0,1.0,650.1,5.0,6.0,21.96,9.3,10.4,128464.0,4.3,394.0,580219.0
353,206,maplest,Seattle,TX,Townhouse,2.0,2.0,3312.0,0.2,0.0,1.0,1.0,574.0,1.0,5.0,24.59,31.0,24.2,124837.0,1.017,290.0,834301.0
354,35,elmdr,Portland,Wa,Condo,3.0,2.0,1633.0,0.0,1.0,1.0,1.0,461.0,1.0,2.0,21.44,16.0,25.0,74416.0,4.7,303.0,491354.0
355,264,elmdr,Denver,Wa,Singlefamily,4.0,2.0,1602.0,0.13,1.0,1.0,0.0,273.0,2.0,5.0,15.6,72.0,16.9,103593.0,1.405,348.0,681594.0
356,92,elmblvd,Austin,TX,Condo,5.0,4.0,3252.0,0.09,1.0,1.0,1.0,1404.0,3.0,4.0,0.0,94.0,0.2,127643.0,0.367,250.0,954681.0
357,340,elmave,Denver,Wa,Singlefamily,12.0,2.0,2556.0,0.24,1.0,1.0,1.0,704.7962962962963,5.0,10.0,1.21,14.0,5.0,131128.0,1.356,230.0,1226170.0
358,53,maplest,Portland,MA,Townhouse,2.0,2.0,3190.0,0.16,1.0,1.0,1.0,703.4025974025974,4.0,9.0,23.37,90.0,9.6,82781.0,3.7,290.0,803496.0
359,346,pinest,Seattle,tx,Singlefamily,2.0,1.0,2596.0,0.02,1.0,1.0,0.0,704.7962962962963,5.0,3.0,25.66,57.0,5.1,81338.0,1.68,230.0,539275.0
360,265,oakave,Austin,co,Townhouse,5.0,2.0,1686.0,0.42,1.0,1.0,1.0,703.4025974025974,3.0,2.0,31.48,2.0,15.6,3.2,1.434,48.0,641535.0
361,242,pinest,Austin,MA,Singlefamily,4.0,2.0,8000.0,0.3095180722891566,0.0,1.0,0.0,380.0,5.0,3.0,41.14,2.0,4.3,29588.0,0.479,230.0,1473269.0
362,14,mapleave,Seattle,OR,Condo,4.0,3.0,400.0,0.08,0.0,1.0,1.0,1074.0,3.0,5.0,30.18,11.1,7.3,50931.0,1.135,357.0,610894.0
363,316,pinedr,Seattle,CO,Multi-Family,3.0,2.0,1651.0,0.46,1.0,1.0,1.0,420.0,2.0,2.0,22.73,29.5,5.7,23779.0,0.753,300.0,696514.0
364,89,maplest,Denver,Wa,Townhouse,4.0,1.0,2948.0,0.01,1.0,1.0,1.0,413.0,1.0,1.0,44.07,78.0,4.4,5.1,1.239,290.0,882238.0
365,274,mapledr,Denver,co,Condo,5.0,4.0,1513.0,0.03,0.0,0.0,1.0,824.0123456790124,1.0,3.916265886975517,41.88,22.0,0.8,1.7,1.01,468.0,5000000.0
366,167,mapledr,Denver,Wa,Condo,4.0,1.0,2535.0,0.19,0.0,1.0,1.0,1132.0,3.0,3.916265886975517,26.45,57.0,4.6,45279.0,1.2,250.0,18551.830073782476
367,329,pineblvd,Seattle,WA,Singlefamily,4.0,1.0,2895.0,0.22,1.0,1.0,1.0,704.7962962962963,5.0,7.0,38.31,18.4,8.5,56413.0,1.262,230.0,696826.0
368,277,mapleave,Seattle,MA,Singlefamily,2.0,1.0,1947.0,0.46,0.0,1.0,1.0,740.0,3.0,6.0,18.43,63.0,11.1,87237.0,1.15,116.0,593401.0
369,135,maindr,Austin,CO,Singlefamily,2.0,4.0,2358.0,0.03,0.0,1.0,1.0,243.0,3.0,8.0,11.637843010499049,99.0,5.8,93560.0,1.652,230.0,645969.0
370,307,mainblvd,Denver,Wa,Condo,2.0,2.0,2720.0,0.26785714285714285,0.0,0.0,0.0,343.0,1.0,2.0,2.45,99.0,17.8,99100.0,1.213,101.0,523265.0
371,399,pineblvd,Portland,OR,Condo,5.0,2.0,2030.0,0.23,0.0,1.0,1.0,824.0123456790124,2.0,3.3724289466936774,9.739847798300824,54.0,14.7,73020.0,1.38,31.0,720042.0
372,320,mapleave,Boston,OR,Condo,3.0,1.0,871.0,0.09,1.0,1.0,0.0,953.0,5.0,6.0,23.75,11.1,1.6,47344.0,0.798,250.0,486197.0
373,244,oakave,Seattle,Wa,Singlefamily,3.0,4.0,2474.0,0.15,1.0,1.0,1.0,6.0,3.0,3.0,10.001621245599653,53.0,4.2,68666.0,0.805,70.0,727248.0
374,55,oakave,Denver,tx,Townhouse,3.0,2.0,3222.0,0.04,1.0,0.0,0.0,703.4025974025974,1.0,6.0,28.64,54.0,26.4,78445.0,1.821,290.0,846897.0
375,364,elmave,Seattle,WA,Singlefamily,4.0,2.0,1150.0,0.05,1.0,1.0,1.0,704.7962962962963,1.0,5.0,38.01,10.6,19.8,125550.0,5.9,64.0,502114.0
376,51,pinedr,Seattle,Wa,Condo,3.0,4.0,1592.0,0.26785714285714285,0.0,1.0,1.0,452.0,4.0,10.0,27.26,61.0,29.5,85874.0,1.429,250.0,648157.0
377,175,mapleblvd,Seattle,TX,Townhouse,2.0,3.0,2646.0,0.06,0.0,1.0,1.0,659.0,3.0,6.0,0.0,94.0,10.5,2.5,0.803,476.0,637520.0
378,190,mapleave,Denver,OR,Townhouse,3.0,2.0,1517.0,0.12,1.0,1.0,1.0,807.0,2.0,1.6913625324509711,30.39,51.0,11.1,20000.0,2.022,308.0,489293.0
379,179,elmave,Austin,WA,Singlefamily,3.0,4.0,2549.0,0.11,0.0,0.0,0.0,1373.0,1.0,7.0,42.86,15.0,10.6,6.7,0.782,115.0,722069.0
380,188,oakst,Denver,OR,Condo,3.0,1.0,2685.0,0.14,1.0,1.0,0.0,593.0,5.0,4.0,44.67,65.0,7.4,3.1,1.731,250.0,18551.830073782476
381,170,mainblvd,Austin,co,Singlefamily,4.0,2.0,1778.0,0.52,0.0,0.0,1.0,908.0,3.0,2.6171653713500764,30.43,8.3,15.7,103701.0,0.886,117.0,519803.0
382,59,mainst,Denver,TX,Singlefamily,2.0,1.0,2128.0,0.3,0.0,1.0,1.0,1160.0,4.0,2.0,23.16,22.4,9.4,6.2,1.395,230.0,595944.0
383,49,mainst,Boston,CO,Townhouse,2.0,3.0,1581.0,1.05,1.0,1.0,1.0,664.0,5.0,7.0,59.14,31.0,13.2,6.2,1.944,290.0,633182.0
384,345,mainave,Austin,WA,Townhouse,4.0,3.0,2037.0,0.58,1.0,1.0,1.0,217.0,5.0,1.0,23.65,100.0,18.2,3.5,4.3,405.0,780805.0
385,236,mapleblvd,Portland,tx,Condo,3.0,2.0,1123.9,0.28,0.0,1.0,1.0,824.0123456790124,2.0,4.0,22.94,48.0,17.6,2.5,3.6,250.0,409370.0
386,253,mapledr,Portland,Wa,Singlefamily,3.0,2.0,2637.0,0.15,0.0,1.0,1.0,704.7962962962963,4.0,3.0,25.1,5.0,1.2,64145.0,0.478,230.0,717151.0
387,22,pineave,Seattle,co,Condo,5.0,1.0,3039.0,0.08,0.0,0.0,1.0,1341.0,1.0,5.0,44.88,30.0,2.2,1.5,1.663,500.0,50000.0
388,314,elmblvd,Portland,CO,Multi-Family,5.0,3.0,1680.0,0.29,0.0,1.0,1.0,650.1,5.0,3.0,13.784979965588901,25.0,19.7,3.3,1.052,300.0,713471.0
389,161,maindr,Austin,OR,Condo,3.0,4.0,3198.0,0.33,1.0,1.0,1.0,955.0,2.0,6.0,28.59,0.0,3.7,4.2,4.8,250.0,871649.0
390,277,mapleave,Seattle,MA,Singlefamily,2.0,1.0,1947.0,0.46,0.0,1.0,1.0,740.0,3.0,6.0,18.43,63.0,11.1,87237.0,1.15,116.0,593401.0
391,192,maplest,Boston,co,Condo,1.0,4.0,1549.0,0.19,0.0,1.0,1.0,824.0123456790124,4.0,7.0,32.36,20.7,15.9,94886.0,1.669,275.0,378603.0
392,386,mainave,Seattle,CO,Townhouse,4.0,1.0,2217.0,0.21,0.0,1.0,0.0,703.4025974025974,1.0,1.0,38.3,67.0,6.7,126740.0,1.085,290.0,755536.0
393,294,oakst,Portland,tx,Townhouse,0.0,3.0,1205.0,0.38,0.0,1.0,1.0,703.4025974025974,5.0,10.0,35.8,10.0,0.3,46306.0,1.389,435.0,287015.18666441995
394,344,oakblvd,Portland,Wa,Condo,4.0,2.0,1123.9,0.52,1.0,1.0,1.0,824.0123456790124,1.0,3.0,6.426283888093325,10.0,9.6,111707.0,-0.3,250.0,294460.0
395,258,elmdr,Portland,WA,Multi-Family,4.0,2.0,1123.9,0.07,1.0,1.0,1.0,650.1,2.0,3.0,18.02,25.0,9.2,154330.0,0.599,300.0,420299.0
396,309,oakst,Boston,MA,Condo,3.0,3.0,2598.0,0.39,1.0,0.0,1.0,824.0123456790124,3.0,10.0,18.66,19.3,15.4,58921.0,3.2,250.0,641923.0
397,150,mainave,Denver,tx,Condo,3.0,4.0,852.0,0.33,1.0,1.0,1.0,824.0123456790124,5.0,9.0,3.177773158266117,98.0,14.8,3.5,1.081,328.0,465795.0
398,131,mainblvd,Denver,TX,Townhouse,2.0,1.0,2023.0,0.12,1.0,0.0,1.0,647.0,5.0,6.0,25.4,1.0,3.0,76129.0,1.092,290.0,589129.0
399,152,pineave,Austin,MA,Townhouse,3.0,4.0,1165.0,0.02,1.0,1.0,1.0,703.4025974025974,1.0,9.0,15.99,63.0,23.1,105294.0,0.925,374.0,603291.0
400,360,mainblvd,Austin,co,Condo,3.0,1.0,3057.0,0.29,1.0,1.0,1.0,1140.0,1.0,4.0,55.3,8.3,8.3,106352.0,1.258,250.0,780436.0
401,100,mainave,Denver,Wa,Condo,5.0,4.0,3780.0,0.17,0.0,0.0,1.0,824.0123456790124,1.0,7.0,3.177773158266117,2.0,15.7,58125.0,1.453,250.0,1066744.0
402,373,oakst,Denver,OR,Townhouse,2.0,2.0,1458.0,0.6,0.0,1.0,1.0,703.4025974025974,3.0,9.0,0.0,95.0,8.8,115560.0,1.313,195.0,333658.0
403,88,mapledr,Portland,WA,Multi-Family,1.0,1.0,1123.9,0.06,0.0,1.0,1.0,519.0,1.0,6.0,28.06,26.0,1.3,51665.0,0.756,300.0,340181.0
404,331,mainblvd,Portland,co,Townhouse,3.0,2.0,2754.0,0.37,1.0,1.0,0.0,481.0,1.0,9.0,0.77,8.3,6.3,91149.0,1.274,354.0,621219.0
405,215,pinedr,Seattle,TX,Multi-Family,2.0,2.0,1437.0,0.42,1.0,1.0,1.0,149.0,3.0,1.0,3.31,48.0,10.8,64185.0,1.405,300.0,512996.0
406,122,maplest,Seattle,MA,Condo,3.0,1.0,839.0,1.76,1.0,1.0,1.0,824.0123456790124,3.0,10.0,18.9,98.0,1.6,5.1,3.7,250.0,394151.0
407,237,elmave,Austin,Wa,Townhouse,4.0,3.0,2260.0,0.03,0.0,1.0,1.0,973.0,3.0,7.0,0.97,13.0,7.9,20000.0,5.9,290.0,857326.0
408,21,mainst,Boston,co,Townhouse,3.0,4.0,1143.0,0.39,0.0,1.0,0.0,703.4025974025974,3.0,2.2174434837338417,34.26,50.0,19.7,81788.0,1.539,7.0,424101.0
409,189,mapleblvd,Portland,MA,Multi-Family,1.0,1.0,2564.0,0.01,0.0,1.0,1.0,650.1,3.0,6.0,57.48,33.0,21.6,128978.0,1.498,300.0,632074.0
410,72,maindr,Austin,WA,Townhouse,3.0,4.0,1621.0,0.16,1.0,1.0,1.0,641.0,5.0,4.0,61.51,62.0,14.6,68908.0,4.8,290.0,287015.18666441995
411,107,oakdr,Seattle,tx,Multi-Family,2.0,2.0,4039.0,0.62,0.0,0.0,1.0,327.0,4.0,2.28677304256107,19.56,19.0,3.5,5.6,0.851,300.0,881821.0
412,271,pinest,Austin,co,Townhouse,4.0,4.0,2367.0,0.08,1.0,1.0,1.0,753.0,4.0,3.0,17.63,29.0,16.7,3.4,1.295,290.0,662599.0
413,349,maindr,Portland,CO,Townhouse,4.0,2.0,2734.0,0.24,0.0,1.0,1.0,1496.0,1.0,5.0,45.95,9.0,13.3,97533.0,1.45,290.0,814683.0
414,103,mainst,Austin,OR,Singlefamily,1.0,2.0,1178.0,0.74,1.0,1.0,1.0,289.0,5.0,9.0,31.7,89.0,8.3,6.2,1.168,230.0,339463.0
